web-scraper-order,web-scraper-start-url,FirstLetter,FirstLetter-href,symptomnames
"1522349883-2131","https://www.medicinenet.com/symptoms_and_signs/alpha_x.htm","B","https://www.medicinenet.com/symptoms_and_signs/alpha_b.htm","Bird Flu (Avian Influenza) Symptoms and Signs"
"1522349713-1743","https://www.medicinenet.com/symptoms_and_signs/alpha_x.htm","S","https://www.medicinenet.com/symptoms_and_signs/alpha_s.htm","Seizures"
"1522349872-2088","https://www.medicinenet.com/symptoms_and_signs/alpha_x.htm","C","https://www.medicinenet.com/symptoms_and_signs/alpha_c.htm","Carpal Tunnel Syndrome Symptoms and Signs"
"1522349741-1798","https://www.medicinenet.com/symptoms_and_signs/alpha_x.htm","P","https://www.medicinenet.com/symptoms_and_signs/alpha_p.htm","Pale Skin"
"1522349792-1868","https://www.medicinenet.com/symptoms_and_signs/alpha_x.htm","M","https://www.medicinenet.com/symptoms_and_signs/alpha_m.htm","Meningitis Symptoms and Signs"
"1522349799-1901","https://www.medicinenet.com/symptoms_and_signs/alpha_x.htm","L","https://www.medicinenet.com/symptoms_and_signs/alpha_l.htm","Loss of Taste Sensation"
"1522349848-2015","https://www.medicinenet.com/symptoms_and_signs/alpha_x.htm","E","https://www.medicinenet.com/symptoms_and_signs/alpha_e.htm","EAggEC (E. coli 0157:H7 (Escherichia coli 0157:H7))"
"1522349883-2152","https://www.medicinenet.com/symptoms_and_signs/alpha_x.htm","B","https://www.medicinenet.com/symptoms_and_signs/alpha_b.htm","Breast Lumps"
"1522349848-2017","https://www.medicinenet.com/symptoms_and_signs/alpha_x.htm","E","https://www.medicinenet.com/symptoms_and_signs/alpha_e.htm","Easy Bruising"
"1522349872-2110","https://www.medicinenet.com/symptoms_and_signs/alpha_x.htm","C","https://www.medicinenet.com/symptoms_and_signs/alpha_c.htm","Colitis Symptoms and Signs"
"1522349856-2066","https://www.medicinenet.com/symptoms_and_signs/alpha_x.htm","D","https://www.medicinenet.com/symptoms_and_signs/alpha_d.htm","Difficulty With Speech"
"1522349872-2109","https://www.medicinenet.com/symptoms_and_signs/alpha_x.htm","C","https://www.medicinenet.com/symptoms_and_signs/alpha_c.htm","Cold Hands"
"1522349792-1867","https://www.medicinenet.com/symptoms_and_signs/alpha_x.htm","M","https://www.medicinenet.com/symptoms_and_signs/alpha_m.htm","Meniere's Disease Symptoms and Signs"
"1522349872-2089","https://www.medicinenet.com/symptoms_and_signs/alpha_x.htm","C","https://www.medicinenet.com/symptoms_and_signs/alpha_c.htm","Cat Scratch Disease Symptoms and Signs"
"1522349799-1892","https://www.medicinenet.com/symptoms_and_signs/alpha_x.htm","L","https://www.medicinenet.com/symptoms_and_signs/alpha_l.htm","Laryngitis"
"1522349828-1982","https://www.medicinenet.com/symptoms_and_signs/alpha_x.htm","H","https://www.medicinenet.com/symptoms_and_signs/alpha_h.htm","Hypoglycemia Symptoms and Signs"
"1522349872-2087","https://www.medicinenet.com/symptoms_and_signs/alpha_x.htm","C","https://www.medicinenet.com/symptoms_and_signs/alpha_c.htm","Carbon Monoxide Poisoning Symptoms and Signs"
"1522349756-1846","https://www.medicinenet.com/symptoms_and_signs/alpha_x.htm","N","https://www.medicinenet.com/symptoms_and_signs/alpha_n.htm","Nail Separation"
"1522349848-2036","https://www.medicinenet.com/symptoms_and_signs/alpha_x.htm","E","https://www.medicinenet.com/symptoms_and_signs/alpha_e.htm","EPEC (E. coli 0157:H7 (Escherichia coli 0157:H7))"
"1522349698-1718","https://www.medicinenet.com/symptoms_and_signs/alpha_x.htm","U","https://www.medicinenet.com/symptoms_and_signs/alpha_u.htm","Unusual Behavior"
"1522349713-1763","https://www.medicinenet.com/symptoms_and_signs/alpha_x.htm","S","https://www.medicinenet.com/symptoms_and_signs/alpha_s.htm","Strange Behavior (Unusual Behavior)"
"1522349883-2132","https://www.medicinenet.com/symptoms_and_signs/alpha_x.htm","B","https://www.medicinenet.com/symptoms_and_signs/alpha_b.htm","Bladder Infection Symptoms and Signs"
"1522349834-1990","https://www.medicinenet.com/symptoms_and_signs/alpha_x.htm","G","https://www.medicinenet.com/symptoms_and_signs/alpha_g.htm","Generalized Anxiety Disorder Symptoms and Signs"
"1522349828-1956","https://www.medicinenet.com/symptoms_and_signs/alpha_x.htm","H","https://www.medicinenet.com/symptoms_and_signs/alpha_h.htm","Hearing Loss"
"1522349856-2056","https://www.medicinenet.com/symptoms_and_signs/alpha_x.htm","D","https://www.medicinenet.com/symptoms_and_signs/alpha_d.htm","Dengue Symptoms and Signs"
"1522349883-2147","https://www.medicinenet.com/symptoms_and_signs/alpha_x.htm","B","https://www.medicinenet.com/symptoms_and_signs/alpha_b.htm","Brain Aneurysm Symptoms and Signs"
"1522349713-1761","https://www.medicinenet.com/symptoms_and_signs/alpha_x.htm","S","https://www.medicinenet.com/symptoms_and_signs/alpha_s.htm","Stomach Ulcer (Peptic Ulcer) Symptoms and Signs"
"1522349792-1887","https://www.medicinenet.com/symptoms_and_signs/alpha_x.htm","M","https://www.medicinenet.com/symptoms_and_signs/alpha_m.htm","Mutism (Loss of Speech)"
"1522349713-1748","https://www.medicinenet.com/symptoms_and_signs/alpha_x.htm","S","https://www.medicinenet.com/symptoms_and_signs/alpha_s.htm","Shoulder Pain"
"1522349856-2060","https://www.medicinenet.com/symptoms_and_signs/alpha_x.htm","D","https://www.medicinenet.com/symptoms_and_signs/alpha_d.htm","Detrusor Contraction (Bladder Spasms)"
"1522349872-2100","https://www.medicinenet.com/symptoms_and_signs/alpha_x.htm","C","https://www.medicinenet.com/symptoms_and_signs/alpha_c.htm","Chronic Fatigue Syndrome Symptoms and Signs"
"1522349828-1954","https://www.medicinenet.com/symptoms_and_signs/alpha_x.htm","H","https://www.medicinenet.com/symptoms_and_signs/alpha_h.htm","Hand, Foot, and Mouth Disease Symptoms and Signs"
"1522349726-1789","https://www.medicinenet.com/symptoms_and_signs/alpha_x.htm","R","https://www.medicinenet.com/symptoms_and_signs/alpha_r.htm","Restless Leg Syndrome"
"1522349883-2136","https://www.medicinenet.com/symptoms_and_signs/alpha_x.htm","B","https://www.medicinenet.com/symptoms_and_signs/alpha_b.htm","Blisters"
"1522349683-1695","https://www.medicinenet.com/symptoms_and_signs/alpha_x.htm","W","https://www.medicinenet.com/symptoms_and_signs/alpha_w.htm","West Nile Virus Symptoms and Signs"
"1522349713-1751","https://www.medicinenet.com/symptoms_and_signs/alpha_x.htm","S","https://www.medicinenet.com/symptoms_and_signs/alpha_s.htm","Small Intestine Cancer Symptoms and Signs"
"1522349818-1949","https://www.medicinenet.com/symptoms_and_signs/alpha_x.htm","I","https://www.medicinenet.com/symptoms_and_signs/alpha_i.htm","Itch"
"1522349683-1696","https://www.medicinenet.com/symptoms_and_signs/alpha_x.htm","W","https://www.medicinenet.com/symptoms_and_signs/alpha_w.htm","Wet AMD (Macular Degeneration Symptoms and Signs)"
"1522349828-1977","https://www.medicinenet.com/symptoms_and_signs/alpha_x.htm","H","https://www.medicinenet.com/symptoms_and_signs/alpha_h.htm","Hyperactivity"
"1522349872-2113","https://www.medicinenet.com/symptoms_and_signs/alpha_x.htm","C","https://www.medicinenet.com/symptoms_and_signs/alpha_c.htm","Confusion"
"1522349756-1851","https://www.medicinenet.com/symptoms_and_signs/alpha_x.htm","N","https://www.medicinenet.com/symptoms_and_signs/alpha_n.htm","Neonatal Jaundice"
"1522349872-2093","https://www.medicinenet.com/symptoms_and_signs/alpha_x.htm","C","https://www.medicinenet.com/symptoms_and_signs/alpha_c.htm","Chalazion Symptoms and Signs"
"1522349848-2013","https://www.medicinenet.com/symptoms_and_signs/alpha_x.htm","E","https://www.medicinenet.com/symptoms_and_signs/alpha_e.htm","E. coli 0157:H7 (Escherichia coli 0157:H7)"
"1522349792-1870","https://www.medicinenet.com/symptoms_and_signs/alpha_x.htm","M","https://www.medicinenet.com/symptoms_and_signs/alpha_m.htm","Menstrual Cramps"
"1522349856-2070","https://www.medicinenet.com/symptoms_and_signs/alpha_x.htm","D","https://www.medicinenet.com/symptoms_and_signs/alpha_d.htm","Discharge From Penis (Penile Discharge)"
"1522349792-1860","https://www.medicinenet.com/symptoms_and_signs/alpha_x.htm","M","https://www.medicinenet.com/symptoms_and_signs/alpha_m.htm","Malnutrition Symptoms and Signs"
"1522349848-2019","https://www.medicinenet.com/symptoms_and_signs/alpha_x.htm","E","https://www.medicinenet.com/symptoms_and_signs/alpha_e.htm","EHEC (E. coli 0157:H7 (Escherichia coli 0157:H7))"
"1522349848-2030","https://www.medicinenet.com/symptoms_and_signs/alpha_x.htm","E","https://www.medicinenet.com/symptoms_and_signs/alpha_e.htm","Enterohemorrhagic E. coli (E. coli 0157:H7 (Escherichia coli 0157:H7))"
"1522349805-1916","https://www.medicinenet.com/symptoms_and_signs/alpha_x.htm","K","https://www.medicinenet.com/symptoms_and_signs/alpha_k.htm","Kidney Cancer Symptoms and Signs"
"1522349705-1735","https://www.medicinenet.com/symptoms_and_signs/alpha_x.htm","T","https://www.medicinenet.com/symptoms_and_signs/alpha_t.htm","Toe Pain"
"1522349726-1794","https://www.medicinenet.com/symptoms_and_signs/alpha_x.htm","R","https://www.medicinenet.com/symptoms_and_signs/alpha_r.htm","Runny Nose"
"1522349842-2000","https://www.medicinenet.com/symptoms_and_signs/alpha_x.htm","F","https://www.medicinenet.com/symptoms_and_signs/alpha_f.htm","Fatigue and Tiredness"
"1522349741-1820","https://www.medicinenet.com/symptoms_and_signs/alpha_x.htm","P","https://www.medicinenet.com/symptoms_and_signs/alpha_p.htm","Pneumonia Symptoms and Signs"
"1522349856-2084","https://www.medicinenet.com/symptoms_and_signs/alpha_x.htm","D","https://www.medicinenet.com/symptoms_and_signs/alpha_d.htm","Dyspepsia"
"1522349692-1711","https://www.medicinenet.com/symptoms_and_signs/alpha_x.htm","V","https://www.medicinenet.com/symptoms_and_signs/alpha_v.htm","Vocal Outbursts"
"1522349818-1938","https://www.medicinenet.com/symptoms_and_signs/alpha_x.htm","I","https://www.medicinenet.com/symptoms_and_signs/alpha_i.htm","Infertility"
"1522349713-1770","https://www.medicinenet.com/symptoms_and_signs/alpha_x.htm","S","https://www.medicinenet.com/symptoms_and_signs/alpha_s.htm","Swine Flu Symptoms and Signs"
"1522349741-1796","https://www.medicinenet.com/symptoms_and_signs/alpha_x.htm","P","https://www.medicinenet.com/symptoms_and_signs/alpha_p.htm","Painful Gums"
"1522349749-1835","https://www.medicinenet.com/symptoms_and_signs/alpha_x.htm","O","https://www.medicinenet.com/symptoms_and_signs/alpha_o.htm","Onychorrhexis (Vertical Ridges on the Fingernails)"
"1522349834-1998","https://www.medicinenet.com/symptoms_and_signs/alpha_x.htm","G","https://www.medicinenet.com/symptoms_and_signs/alpha_g.htm","Gum Pain (Pericoronitis Symptoms and Signs)"
"1522349799-1905","https://www.medicinenet.com/symptoms_and_signs/alpha_x.htm","L","https://www.medicinenet.com/symptoms_and_signs/alpha_l.htm","Low Libido"
"1522349698-1719","https://www.medicinenet.com/symptoms_and_signs/alpha_x.htm","U","https://www.medicinenet.com/symptoms_and_signs/alpha_u.htm","Upper Respiratory Infection Symptoms and Signs"
"1522349792-1864","https://www.medicinenet.com/symptoms_and_signs/alpha_x.htm","M","https://www.medicinenet.com/symptoms_and_signs/alpha_m.htm","Meibomian Cyst (Chalazion Symptoms and Signs)"
"1522349698-1724","https://www.medicinenet.com/symptoms_and_signs/alpha_x.htm","U","https://www.medicinenet.com/symptoms_and_signs/alpha_u.htm","Urine Odor"
"1522349856-2065","https://www.medicinenet.com/symptoms_and_signs/alpha_x.htm","D","https://www.medicinenet.com/symptoms_and_signs/alpha_d.htm","Difficulty Urinating"
"1522349890-2174","https://www.medicinenet.com/symptoms_and_signs/alpha_x.htm","A","https://www.medicinenet.com/symptoms_and_signs/alpha_a.htm","Altered Mental Status"
"1522349756-1858","https://www.medicinenet.com/symptoms_and_signs/alpha_x.htm","N","https://www.medicinenet.com/symptoms_and_signs/alpha_n.htm","Numbness Toes"
"1522349749-1837","https://www.medicinenet.com/symptoms_and_signs/alpha_x.htm","O","https://www.medicinenet.com/symptoms_and_signs/alpha_o.htm","Osteopenia"
"1522349828-1957","https://www.medicinenet.com/symptoms_and_signs/alpha_x.htm","H","https://www.medicinenet.com/symptoms_and_signs/alpha_h.htm","Heart Attack in Men Symptoms and Signs"
"1522349756-1842","https://www.medicinenet.com/symptoms_and_signs/alpha_x.htm","N","https://www.medicinenet.com/symptoms_and_signs/alpha_n.htm","Nail Clubbing"
"1522349828-1959","https://www.medicinenet.com/symptoms_and_signs/alpha_x.htm","H","https://www.medicinenet.com/symptoms_and_signs/alpha_h.htm","Heart Disease Symptoms and Signs"
"1522349883-2143","https://www.medicinenet.com/symptoms_and_signs/alpha_x.htm","B","https://www.medicinenet.com/symptoms_and_signs/alpha_b.htm","Blunted Affect (Flat Affect)"
"1522349828-1974","https://www.medicinenet.com/symptoms_and_signs/alpha_x.htm","H","https://www.medicinenet.com/symptoms_and_signs/alpha_h.htm","HIV Infection Symptoms and Signs"
"1522349848-2038","https://www.medicinenet.com/symptoms_and_signs/alpha_x.htm","E","https://www.medicinenet.com/symptoms_and_signs/alpha_e.htm","Euphoria"
"1522349872-2117","https://www.medicinenet.com/symptoms_and_signs/alpha_x.htm","C","https://www.medicinenet.com/symptoms_and_signs/alpha_c.htm","COPD Symptoms and Signs"
"1522349883-2156","https://www.medicinenet.com/symptoms_and_signs/alpha_x.htm","B","https://www.medicinenet.com/symptoms_and_signs/alpha_b.htm","Bronchitis Symptoms and Signs"
"1522349872-2090","https://www.medicinenet.com/symptoms_and_signs/alpha_x.htm","C","https://www.medicinenet.com/symptoms_and_signs/alpha_c.htm","Catatonia (Catatonic Behavior)"
"1522349842-2008","https://www.medicinenet.com/symptoms_and_signs/alpha_x.htm","F","https://www.medicinenet.com/symptoms_and_signs/alpha_f.htm","Flu"
"1522349856-2057","https://www.medicinenet.com/symptoms_and_signs/alpha_x.htm","D","https://www.medicinenet.com/symptoms_and_signs/alpha_d.htm","Depigmentation of Skin"
"1522349883-2141","https://www.medicinenet.com/symptoms_and_signs/alpha_x.htm","B","https://www.medicinenet.com/symptoms_and_signs/alpha_b.htm","Bloody Nose"
"1522349698-1716","https://www.medicinenet.com/symptoms_and_signs/alpha_x.htm","U","https://www.medicinenet.com/symptoms_and_signs/alpha_u.htm","Undernutrition (Malnutrition Symptoms and Signs)"
"1522349792-1865","https://www.medicinenet.com/symptoms_and_signs/alpha_x.htm","M","https://www.medicinenet.com/symptoms_and_signs/alpha_m.htm","Melanoma Symptoms and Signs"
"1522349683-1697","https://www.medicinenet.com/symptoms_and_signs/alpha_x.htm","W","https://www.medicinenet.com/symptoms_and_signs/alpha_w.htm","Wheezing"
"1522349842-2002","https://www.medicinenet.com/symptoms_and_signs/alpha_x.htm","F","https://www.medicinenet.com/symptoms_and_signs/alpha_f.htm","Fever"
"1522349705-1733","https://www.medicinenet.com/symptoms_and_signs/alpha_x.htm","T","https://www.medicinenet.com/symptoms_and_signs/alpha_t.htm","Tightness in Chest"
"1522349848-2031","https://www.medicinenet.com/symptoms_and_signs/alpha_x.htm","E","https://www.medicinenet.com/symptoms_and_signs/alpha_e.htm","Enteroinvasive E. coli (E. coli 0157:H7 (Escherichia coli 0157:H7))"
"1522349872-2120","https://www.medicinenet.com/symptoms_and_signs/alpha_x.htm","C","https://www.medicinenet.com/symptoms_and_signs/alpha_c.htm","Crohn's Disease Symptoms and Signs"
"1522349805-1918","https://www.medicinenet.com/symptoms_and_signs/alpha_x.htm","K","https://www.medicinenet.com/symptoms_and_signs/alpha_k.htm","Kidney Stone Symptoms and Signs"
"1522349741-1803","https://www.medicinenet.com/symptoms_and_signs/alpha_x.htm","P","https://www.medicinenet.com/symptoms_and_signs/alpha_p.htm","Paralysis"
"1522349890-2192","https://www.medicinenet.com/symptoms_and_signs/alpha_x.htm","A","https://www.medicinenet.com/symptoms_and_signs/alpha_a.htm","Attention Deficit (Inattention)"
"1522349698-1720","https://www.medicinenet.com/symptoms_and_signs/alpha_x.htm","U","https://www.medicinenet.com/symptoms_and_signs/alpha_u.htm","Urge Incontinence (Bladder Spasms)"
"1522349741-1802","https://www.medicinenet.com/symptoms_and_signs/alpha_x.htm","P","https://www.medicinenet.com/symptoms_and_signs/alpha_p.htm","Panic Attack Symptoms and Signs"
"1522349713-1758","https://www.medicinenet.com/symptoms_and_signs/alpha_x.htm","S","https://www.medicinenet.com/symptoms_and_signs/alpha_s.htm","Sternutation (Sneezing)"
"1522349856-2075","https://www.medicinenet.com/symptoms_and_signs/alpha_x.htm","D","https://www.medicinenet.com/symptoms_and_signs/alpha_d.htm","Double Vision"
"1522349792-1883","https://www.medicinenet.com/symptoms_and_signs/alpha_x.htm","M","https://www.medicinenet.com/symptoms_and_signs/alpha_m.htm","Mumps Symptoms and Signs"
"1522349713-1746","https://www.medicinenet.com/symptoms_and_signs/alpha_x.htm","S","https://www.medicinenet.com/symptoms_and_signs/alpha_s.htm","Shingles Symptoms and Signs"
"1522349828-1960","https://www.medicinenet.com/symptoms_and_signs/alpha_x.htm","H","https://www.medicinenet.com/symptoms_and_signs/alpha_h.htm","Heart Failure Symptoms and Signs"
"1522349856-2079","https://www.medicinenet.com/symptoms_and_signs/alpha_x.htm","D","https://www.medicinenet.com/symptoms_and_signs/alpha_d.htm","Dry Eye"
"1522349713-1768","https://www.medicinenet.com/symptoms_and_signs/alpha_x.htm","S","https://www.medicinenet.com/symptoms_and_signs/alpha_s.htm","Suicide"
"1522349741-1809","https://www.medicinenet.com/symptoms_and_signs/alpha_x.htm","P","https://www.medicinenet.com/symptoms_and_signs/alpha_p.htm","Penile Discharge"
"1522349692-1706","https://www.medicinenet.com/symptoms_and_signs/alpha_x.htm","V","https://www.medicinenet.com/symptoms_and_signs/alpha_v.htm","Vaginal Yeast Infection Symptoms and Signs"
"1522349856-2069","https://www.medicinenet.com/symptoms_and_signs/alpha_x.htm","D","https://www.medicinenet.com/symptoms_and_signs/alpha_d.htm","Diogenes Syndrome (Self-Neglect)"
"1522349792-1871","https://www.medicinenet.com/symptoms_and_signs/alpha_x.htm","M","https://www.medicinenet.com/symptoms_and_signs/alpha_m.htm","Metallic Taste in the Mouth"
"1522349883-2146","https://www.medicinenet.com/symptoms_and_signs/alpha_x.htm","B","https://www.medicinenet.com/symptoms_and_signs/alpha_b.htm","Bowel Incontinence (Fecal Incontinence)"
"1522349713-1744","https://www.medicinenet.com/symptoms_and_signs/alpha_x.htm","S","https://www.medicinenet.com/symptoms_and_signs/alpha_s.htm","Self-Neglect"
"1522349883-2157","https://www.medicinenet.com/symptoms_and_signs/alpha_x.htm","B","https://www.medicinenet.com/symptoms_and_signs/alpha_b.htm","Bumps on Skin"
"1522349713-1756","https://www.medicinenet.com/symptoms_and_signs/alpha_x.htm","S","https://www.medicinenet.com/symptoms_and_signs/alpha_s.htm","Spasticity"
"1522349741-1795","https://www.medicinenet.com/symptoms_and_signs/alpha_x.htm","P","https://www.medicinenet.com/symptoms_and_signs/alpha_p.htm","Pain in the Penis (Penile Pain)"
"1522349834-1988","https://www.medicinenet.com/symptoms_and_signs/alpha_x.htm","G","https://www.medicinenet.com/symptoms_and_signs/alpha_g.htm","Gastritis Symptoms and Signs"
"1522349848-2021","https://www.medicinenet.com/symptoms_and_signs/alpha_x.htm","E","https://www.medicinenet.com/symptoms_and_signs/alpha_e.htm","Elbow Pain"
"1522349890-2190","https://www.medicinenet.com/symptoms_and_signs/alpha_x.htm","A","https://www.medicinenet.com/symptoms_and_signs/alpha_a.htm","Atrial fibrillation (AFib) Symptoms and Signs"
"1522349741-1827","https://www.medicinenet.com/symptoms_and_signs/alpha_x.htm","P","https://www.medicinenet.com/symptoms_and_signs/alpha_p.htm","Prostate Cancer Symptoms and Signs"
"1522349856-2081","https://www.medicinenet.com/symptoms_and_signs/alpha_x.htm","D","https://www.medicinenet.com/symptoms_and_signs/alpha_d.htm","Dry Skin"
"1522349856-2053","https://www.medicinenet.com/symptoms_and_signs/alpha_x.htm","D","https://www.medicinenet.com/symptoms_and_signs/alpha_d.htm","Dehydration Symptoms and Signs"
"1522349741-1829","https://www.medicinenet.com/symptoms_and_signs/alpha_x.htm","P","https://www.medicinenet.com/symptoms_and_signs/alpha_p.htm","Pruritus Ani (Anal Itching)"
"1522349812-1923","https://www.medicinenet.com/symptoms_and_signs/alpha_x.htm","J","https://www.medicinenet.com/symptoms_and_signs/alpha_j.htm","Jaw Pain"
"1522349792-1886","https://www.medicinenet.com/symptoms_and_signs/alpha_x.htm","M","https://www.medicinenet.com/symptoms_and_signs/alpha_m.htm","Muscle Spasticity (Spasticity)"
"1522349713-1767","https://www.medicinenet.com/symptoms_and_signs/alpha_x.htm","S","https://www.medicinenet.com/symptoms_and_signs/alpha_s.htm","Subconjunctival Hemorrhage Symptoms and Signs"
"1522349848-2029","https://www.medicinenet.com/symptoms_and_signs/alpha_x.htm","E","https://www.medicinenet.com/symptoms_and_signs/alpha_e.htm","Enteroaggregative E. coli (E. coli 0157:H7 (Escherichia coli 0157:H7))"
"1522349828-1966","https://www.medicinenet.com/symptoms_and_signs/alpha_x.htm","H","https://www.medicinenet.com/symptoms_and_signs/alpha_h.htm","Hepatitis C (HCV) Symptoms and Signs"
"1522349890-2172","https://www.medicinenet.com/symptoms_and_signs/alpha_x.htm","A","https://www.medicinenet.com/symptoms_and_signs/alpha_a.htm","Alcohol Withdrawal Symptoms and Signs"
"1522349828-1971","https://www.medicinenet.com/symptoms_and_signs/alpha_x.htm","H","https://www.medicinenet.com/symptoms_and_signs/alpha_h.htm","High Blood Pressure Symptoms and Signs"
"1522349726-1788","https://www.medicinenet.com/symptoms_and_signs/alpha_x.htm","R","https://www.medicinenet.com/symptoms_and_signs/alpha_r.htm","Red Streaks on the Skin"
"1522349834-1991","https://www.medicinenet.com/symptoms_and_signs/alpha_x.htm","G","https://www.medicinenet.com/symptoms_and_signs/alpha_g.htm","Genital Warts Symptoms and Signs"
"1522349741-1832","https://www.medicinenet.com/symptoms_and_signs/alpha_x.htm","P","https://www.medicinenet.com/symptoms_and_signs/alpha_p.htm","Ptosis"
"1522349741-1830","https://www.medicinenet.com/symptoms_and_signs/alpha_x.htm","P","https://www.medicinenet.com/symptoms_and_signs/alpha_p.htm","Psoriasis Symptoms and Signs"
"1522349741-1823","https://www.medicinenet.com/symptoms_and_signs/alpha_x.htm","P","https://www.medicinenet.com/symptoms_and_signs/alpha_p.htm","Poor Nutrition (Malnutrition Symptoms and Signs)"
"1522349890-2178","https://www.medicinenet.com/symptoms_and_signs/alpha_x.htm","A","https://www.medicinenet.com/symptoms_and_signs/alpha_a.htm","Anaphylaxis Symptoms and Signs"
"1522349692-1701","https://www.medicinenet.com/symptoms_and_signs/alpha_x.htm","V","https://www.medicinenet.com/symptoms_and_signs/alpha_v.htm","Vaginal Discharge"
"1522349805-1919","https://www.medicinenet.com/symptoms_and_signs/alpha_x.htm","K","https://www.medicinenet.com/symptoms_and_signs/alpha_k.htm","Knee Pain"
"1522349856-2077","https://www.medicinenet.com/symptoms_and_signs/alpha_x.htm","D","https://www.medicinenet.com/symptoms_and_signs/alpha_d.htm","Drooling"
"1522349713-1747","https://www.medicinenet.com/symptoms_and_signs/alpha_x.htm","S","https://www.medicinenet.com/symptoms_and_signs/alpha_s.htm","Shortness of Breath"
"1522349828-1965","https://www.medicinenet.com/symptoms_and_signs/alpha_x.htm","H","https://www.medicinenet.com/symptoms_and_signs/alpha_h.htm","Hemolytic Anemia (Hemolysis)"
"1522349890-2162","https://www.medicinenet.com/symptoms_and_signs/alpha_x.htm","A","https://www.medicinenet.com/symptoms_and_signs/alpha_a.htm","Abdominal Pain"
"1522349828-1981","https://www.medicinenet.com/symptoms_and_signs/alpha_x.htm","H","https://www.medicinenet.com/symptoms_and_signs/alpha_h.htm","Hypocalcemia Symptoms and Signs"
"1522349872-2107","https://www.medicinenet.com/symptoms_and_signs/alpha_x.htm","C","https://www.medicinenet.com/symptoms_and_signs/alpha_c.htm","Cold Feet"
"1522349677-1690","https://www.medicinenet.com/symptoms_and_signs/alpha_x.htm","Y","https://www.medicinenet.com/symptoms_and_signs/alpha_y.htm","Yawning"
"1522349692-1709","https://www.medicinenet.com/symptoms_and_signs/alpha_x.htm","V","https://www.medicinenet.com/symptoms_and_signs/alpha_v.htm","Vision Loss"
"1522349792-1879","https://www.medicinenet.com/symptoms_and_signs/alpha_x.htm","M","https://www.medicinenet.com/symptoms_and_signs/alpha_m.htm","Mouth Sores"
"1522349883-2154","https://www.medicinenet.com/symptoms_and_signs/alpha_x.htm","B","https://www.medicinenet.com/symptoms_and_signs/alpha_b.htm","Breast Swelling (Swollen Breast)"
"1522349698-1717","https://www.medicinenet.com/symptoms_and_signs/alpha_x.htm","U","https://www.medicinenet.com/symptoms_and_signs/alpha_u.htm","Unsteady Gait"
"1522349872-2106","https://www.medicinenet.com/symptoms_and_signs/alpha_x.htm","C","https://www.medicinenet.com/symptoms_and_signs/alpha_c.htm","Cold"
"1522349828-1951","https://www.medicinenet.com/symptoms_and_signs/alpha_x.htm","H","https://www.medicinenet.com/symptoms_and_signs/alpha_h.htm","Hairy Tongue"
"1522349792-1863","https://www.medicinenet.com/symptoms_and_signs/alpha_x.htm","M","https://www.medicinenet.com/symptoms_and_signs/alpha_m.htm","Measles (Rubeola) Symptoms and Signs"
"1522349828-1955","https://www.medicinenet.com/symptoms_and_signs/alpha_x.htm","H","https://www.medicinenet.com/symptoms_and_signs/alpha_h.htm","Headache"
"1522349856-2061","https://www.medicinenet.com/symptoms_and_signs/alpha_x.htm","D","https://www.medicinenet.com/symptoms_and_signs/alpha_d.htm","Diabetes Symptoms and Signs"
"1522349883-2133","https://www.medicinenet.com/symptoms_and_signs/alpha_x.htm","B","https://www.medicinenet.com/symptoms_and_signs/alpha_b.htm","Bladder Spasms"
"1522349856-2078","https://www.medicinenet.com/symptoms_and_signs/alpha_x.htm","D","https://www.medicinenet.com/symptoms_and_signs/alpha_d.htm","Dry AMD (Macular Degeneration Symptoms and Signs)"
"1522349818-1943","https://www.medicinenet.com/symptoms_and_signs/alpha_x.htm","I","https://www.medicinenet.com/symptoms_and_signs/alpha_i.htm","Insomnia"
"1522349856-2064","https://www.medicinenet.com/symptoms_and_signs/alpha_x.htm","D","https://www.medicinenet.com/symptoms_and_signs/alpha_d.htm","Difficulty Concentrating"
"1522349799-1909","https://www.medicinenet.com/symptoms_and_signs/alpha_x.htm","L","https://www.medicinenet.com/symptoms_and_signs/alpha_l.htm","Lung Cancer Symptoms and Signs"
"1522349705-1737","https://www.medicinenet.com/symptoms_and_signs/alpha_x.htm","T","https://www.medicinenet.com/symptoms_and_signs/alpha_t.htm","Traumatic Brain Injury (Concussion Symptoms and Signs)"
"1522349741-1818","https://www.medicinenet.com/symptoms_and_signs/alpha_x.htm","P","https://www.medicinenet.com/symptoms_and_signs/alpha_p.htm","Pleurisy"
"1522349705-1739","https://www.medicinenet.com/symptoms_and_signs/alpha_x.htm","T","https://www.medicinenet.com/symptoms_and_signs/alpha_t.htm","Tunnel Vision"
"1522349741-1799","https://www.medicinenet.com/symptoms_and_signs/alpha_x.htm","P","https://www.medicinenet.com/symptoms_and_signs/alpha_p.htm","Palpitations"
"1522349848-2025","https://www.medicinenet.com/symptoms_and_signs/alpha_x.htm","E","https://www.medicinenet.com/symptoms_and_signs/alpha_e.htm","Endometrial Cancer (Uterine (Endometrial) Cancer Symptoms and Signs)"
"1522349872-2105","https://www.medicinenet.com/symptoms_and_signs/alpha_x.htm","C","https://www.medicinenet.com/symptoms_and_signs/alpha_c.htm","Coccydynia"
"1522349741-1822","https://www.medicinenet.com/symptoms_and_signs/alpha_x.htm","P","https://www.medicinenet.com/symptoms_and_signs/alpha_p.htm","Poor Hygiene"
"1522349799-1906","https://www.medicinenet.com/symptoms_and_signs/alpha_x.htm","L","https://www.medicinenet.com/symptoms_and_signs/alpha_l.htm","Low Testosterone (Low T)"
"1522349856-2050","https://www.medicinenet.com/symptoms_and_signs/alpha_x.htm","D","https://www.medicinenet.com/symptoms_and_signs/alpha_d.htm","Dark Urine"
"1522349848-2026","https://www.medicinenet.com/symptoms_and_signs/alpha_x.htm","E","https://www.medicinenet.com/symptoms_and_signs/alpha_e.htm","Endometriosis Symptoms and Signs"
"1522349890-2176","https://www.medicinenet.com/symptoms_and_signs/alpha_x.htm","A","https://www.medicinenet.com/symptoms_and_signs/alpha_a.htm","Alzheimer's Disease Symptoms and Signs"
"1522349692-1700","https://www.medicinenet.com/symptoms_and_signs/alpha_x.htm","V","https://www.medicinenet.com/symptoms_and_signs/alpha_v.htm","Vaginal Bleeding"
"1522349713-1762","https://www.medicinenet.com/symptoms_and_signs/alpha_x.htm","S","https://www.medicinenet.com/symptoms_and_signs/alpha_s.htm","Stool Color & Texture Changes"
"1522349883-2150","https://www.medicinenet.com/symptoms_and_signs/alpha_x.htm","B","https://www.medicinenet.com/symptoms_and_signs/alpha_b.htm","Breast Cancer Symptoms and Signs"
"1522349705-1734","https://www.medicinenet.com/symptoms_and_signs/alpha_x.htm","T","https://www.medicinenet.com/symptoms_and_signs/alpha_t.htm","Tingling in Hands and Feet"
"1522349872-2102","https://www.medicinenet.com/symptoms_and_signs/alpha_x.htm","C","https://www.medicinenet.com/symptoms_and_signs/alpha_c.htm","Chronic Sore Throat Symptoms and Signs"
"1522349890-2194","https://www.medicinenet.com/symptoms_and_signs/alpha_x.htm","A","https://www.medicinenet.com/symptoms_and_signs/alpha_a.htm","Avian Influenza (Bird Flu (Avian Influenza) Symptoms and Signs)"
"1522349713-1772","https://www.medicinenet.com/symptoms_and_signs/alpha_x.htm","S","https://www.medicinenet.com/symptoms_and_signs/alpha_s.htm","Swollen Breast"
"1522349834-1986","https://www.medicinenet.com/symptoms_and_signs/alpha_x.htm","G","https://www.medicinenet.com/symptoms_and_signs/alpha_g.htm","Gallbladder Attack Symptoms and Signs"
"1522349883-2160","https://www.medicinenet.com/symptoms_and_signs/alpha_x.htm","B","https://www.medicinenet.com/symptoms_and_signs/alpha_b.htm","Bursitis Symptoms and Signs"
"1522349872-2099","https://www.medicinenet.com/symptoms_and_signs/alpha_x.htm","C","https://www.medicinenet.com/symptoms_and_signs/alpha_c.htm","Chlamydia Symptoms and Signs"
"1522349872-2091","https://www.medicinenet.com/symptoms_and_signs/alpha_x.htm","C","https://www.medicinenet.com/symptoms_and_signs/alpha_c.htm","Cellulitis Symptoms and Signs"
"1522349683-1691","https://www.medicinenet.com/symptoms_and_signs/alpha_x.htm","W","https://www.medicinenet.com/symptoms_and_signs/alpha_w.htm","Watery Eye"
"1522349828-1953","https://www.medicinenet.com/symptoms_and_signs/alpha_x.htm","H","https://www.medicinenet.com/symptoms_and_signs/alpha_h.htm","Hand Pain"
"1522349848-2043","https://www.medicinenet.com/symptoms_and_signs/alpha_x.htm","E","https://www.medicinenet.com/symptoms_and_signs/alpha_e.htm","Eye Discharge"
"1522349883-2130","https://www.medicinenet.com/symptoms_and_signs/alpha_x.htm","B","https://www.medicinenet.com/symptoms_and_signs/alpha_b.htm","Bipolar Disorder Symptoms and Signs"
"1522349848-2040","https://www.medicinenet.com/symptoms_and_signs/alpha_x.htm","E","https://www.medicinenet.com/symptoms_and_signs/alpha_e.htm","Excessive Sweating"
"1522349883-2145","https://www.medicinenet.com/symptoms_and_signs/alpha_x.htm","B","https://www.medicinenet.com/symptoms_and_signs/alpha_b.htm","Bone Loss (Osteopenia)"
"1522349705-1728","https://www.medicinenet.com/symptoms_and_signs/alpha_x.htm","T","https://www.medicinenet.com/symptoms_and_signs/alpha_t.htm","Testicular Swelling (Swollen Testicles)"
"1522349792-1876","https://www.medicinenet.com/symptoms_and_signs/alpha_x.htm","M","https://www.medicinenet.com/symptoms_and_signs/alpha_m.htm","Mood Swings"
"1522349856-2055","https://www.medicinenet.com/symptoms_and_signs/alpha_x.htm","D","https://www.medicinenet.com/symptoms_and_signs/alpha_d.htm","Delusions"
"1522349828-1979","https://www.medicinenet.com/symptoms_and_signs/alpha_x.htm","H","https://www.medicinenet.com/symptoms_and_signs/alpha_h.htm","Hyperthyroidism Symptoms and Signs"
"1522349872-2103","https://www.medicinenet.com/symptoms_and_signs/alpha_x.htm","C","https://www.medicinenet.com/symptoms_and_signs/alpha_c.htm","Cloudy Urine"
"1522349756-1849","https://www.medicinenet.com/symptoms_and_signs/alpha_x.htm","N","https://www.medicinenet.com/symptoms_and_signs/alpha_n.htm","Neck Pain"
"1522349842-2005","https://www.medicinenet.com/symptoms_and_signs/alpha_x.htm","F","https://www.medicinenet.com/symptoms_and_signs/alpha_f.htm","Finger Pain"
"1522349828-1972","https://www.medicinenet.com/symptoms_and_signs/alpha_x.htm","H","https://www.medicinenet.com/symptoms_and_signs/alpha_h.htm","High Blood Sugar Symptoms and Signs"
"1522349741-1833","https://www.medicinenet.com/symptoms_and_signs/alpha_x.htm","P","https://www.medicinenet.com/symptoms_and_signs/alpha_p.htm","Pulmonary Embolism Symptoms and Signs"
"1522349883-2158","https://www.medicinenet.com/symptoms_and_signs/alpha_x.htm","B","https://www.medicinenet.com/symptoms_and_signs/alpha_b.htm","Burning Mouth Syndrome Symptoms and Signs"
"1522349726-1786","https://www.medicinenet.com/symptoms_and_signs/alpha_x.htm","R","https://www.medicinenet.com/symptoms_and_signs/alpha_r.htm","Red Gums (Pericoronitis Symptoms and Signs)"
"1522349848-2035","https://www.medicinenet.com/symptoms_and_signs/alpha_x.htm","E","https://www.medicinenet.com/symptoms_and_signs/alpha_e.htm","Enthesitis Symptoms and Signs"
"1522349848-2032","https://www.medicinenet.com/symptoms_and_signs/alpha_x.htm","E","https://www.medicinenet.com/symptoms_and_signs/alpha_e.htm","Enteropathogenic E. coli (E. coli 0157:H7 (Escherichia coli 0157:H7))"
"1522349749-1839","https://www.medicinenet.com/symptoms_and_signs/alpha_x.htm","O","https://www.medicinenet.com/symptoms_and_signs/alpha_o.htm","Ovarian Cancer Symptoms and Signs"
"1522349713-1753","https://www.medicinenet.com/symptoms_and_signs/alpha_x.htm","S","https://www.medicinenet.com/symptoms_and_signs/alpha_s.htm","Snoring"
"1522349713-1780","https://www.medicinenet.com/symptoms_and_signs/alpha_x.htm","S","https://www.medicinenet.com/symptoms_and_signs/alpha_s.htm","Swollen Tongue"
"1522349818-1932","https://www.medicinenet.com/symptoms_and_signs/alpha_x.htm","I","https://www.medicinenet.com/symptoms_and_signs/alpha_i.htm","Impulsivity"
"1522349828-1968","https://www.medicinenet.com/symptoms_and_signs/alpha_x.htm","H","https://www.medicinenet.com/symptoms_and_signs/alpha_h.htm","Herpes Viral Infections of the Eye (Ocular Herpes Symptoms and Signs)"
"1522349848-2046","https://www.medicinenet.com/symptoms_and_signs/alpha_x.htm","E","https://www.medicinenet.com/symptoms_and_signs/alpha_e.htm","Eye Pain"
"1522349692-1708","https://www.medicinenet.com/symptoms_and_signs/alpha_x.htm","V","https://www.medicinenet.com/symptoms_and_signs/alpha_v.htm","Vertigo"
"1522349692-1710","https://www.medicinenet.com/symptoms_and_signs/alpha_x.htm","V","https://www.medicinenet.com/symptoms_and_signs/alpha_v.htm","Vitamin B12 Deficiency Symptoms and Signs"
"1522349812-1924","https://www.medicinenet.com/symptoms_and_signs/alpha_x.htm","J","https://www.medicinenet.com/symptoms_and_signs/alpha_j.htm","Joint Cracking"
"1522349818-1948","https://www.medicinenet.com/symptoms_and_signs/alpha_x.htm","I","https://www.medicinenet.com/symptoms_and_signs/alpha_i.htm","Irritable Bowel Syndrome (IBS) Symptoms and Signs"
"1522349705-1738","https://www.medicinenet.com/symptoms_and_signs/alpha_x.htm","T","https://www.medicinenet.com/symptoms_and_signs/alpha_t.htm","Tremor"
"1522349713-1755","https://www.medicinenet.com/symptoms_and_signs/alpha_x.htm","S","https://www.medicinenet.com/symptoms_and_signs/alpha_s.htm","Sore Tongue"
"1522349741-1826","https://www.medicinenet.com/symptoms_and_signs/alpha_x.htm","P","https://www.medicinenet.com/symptoms_and_signs/alpha_p.htm","Pregnancy Symptoms and Signs"
"1522349883-2134","https://www.medicinenet.com/symptoms_and_signs/alpha_x.htm","B","https://www.medicinenet.com/symptoms_and_signs/alpha_b.htm","Bleeding Gums"
"1522349890-2170","https://www.medicinenet.com/symptoms_and_signs/alpha_x.htm","A","https://www.medicinenet.com/symptoms_and_signs/alpha_a.htm","Age-Related Macular Degeneration  (Macular Degeneration Symptoms and Signs)"
"1522349856-2073","https://www.medicinenet.com/symptoms_and_signs/alpha_x.htm","D","https://www.medicinenet.com/symptoms_and_signs/alpha_d.htm","Diverticulitis Symptoms and Signs"
"1522349741-1808","https://www.medicinenet.com/symptoms_and_signs/alpha_x.htm","P","https://www.medicinenet.com/symptoms_and_signs/alpha_p.htm","Pelvic Pain"
"1522349726-1793","https://www.medicinenet.com/symptoms_and_signs/alpha_x.htm","R","https://www.medicinenet.com/symptoms_and_signs/alpha_r.htm","Roseola Symptoms and Signs"
"1522349692-1714","https://www.medicinenet.com/symptoms_and_signs/alpha_x.htm","V","https://www.medicinenet.com/symptoms_and_signs/alpha_v.htm","Vomiting Blood"
"1522349872-2118","https://www.medicinenet.com/symptoms_and_signs/alpha_x.htm","C","https://www.medicinenet.com/symptoms_and_signs/alpha_c.htm","Cough"
"1522349713-1749","https://www.medicinenet.com/symptoms_and_signs/alpha_x.htm","S","https://www.medicinenet.com/symptoms_and_signs/alpha_s.htm","Sinus Infection (Sinusitis) Symptoms and Signs"
"1522349890-2182","https://www.medicinenet.com/symptoms_and_signs/alpha_x.htm","A","https://www.medicinenet.com/symptoms_and_signs/alpha_a.htm","Ankle Pain"
"1522349848-2014","https://www.medicinenet.com/symptoms_and_signs/alpha_x.htm","E","https://www.medicinenet.com/symptoms_and_signs/alpha_e.htm","EAEC (E. coli 0157:H7 (Escherichia coli 0157:H7))"
"1522349812-1926","https://www.medicinenet.com/symptoms_and_signs/alpha_x.htm","J","https://www.medicinenet.com/symptoms_and_signs/alpha_j.htm","Joint Pain"
"1522349890-2168","https://www.medicinenet.com/symptoms_and_signs/alpha_x.htm","A","https://www.medicinenet.com/symptoms_and_signs/alpha_a.htm","ADHD (Inattention)"
"1522349713-1774","https://www.medicinenet.com/symptoms_and_signs/alpha_x.htm","S","https://www.medicinenet.com/symptoms_and_signs/alpha_s.htm","Swollen Gums (Pericoronitis Symptoms and Signs)"
"1522349828-1952","https://www.medicinenet.com/symptoms_and_signs/alpha_x.htm","H","https://www.medicinenet.com/symptoms_and_signs/alpha_h.htm","Hallucinations"
"1522349683-1694","https://www.medicinenet.com/symptoms_and_signs/alpha_x.htm","W","https://www.medicinenet.com/symptoms_and_signs/alpha_w.htm","Weight Loss"
"1522349726-1785","https://www.medicinenet.com/symptoms_and_signs/alpha_x.htm","R","https://www.medicinenet.com/symptoms_and_signs/alpha_r.htm","Rectal Pain"
"1522349713-1754","https://www.medicinenet.com/symptoms_and_signs/alpha_x.htm","S","https://www.medicinenet.com/symptoms_and_signs/alpha_s.htm","Sore Throat"
"1522349741-1816","https://www.medicinenet.com/symptoms_and_signs/alpha_x.htm","P","https://www.medicinenet.com/symptoms_and_signs/alpha_p.htm","Photophobia"
"1522349741-1807","https://www.medicinenet.com/symptoms_and_signs/alpha_x.htm","P","https://www.medicinenet.com/symptoms_and_signs/alpha_p.htm","Peeling Skin"
"1522349872-2112","https://www.medicinenet.com/symptoms_and_signs/alpha_x.htm","C","https://www.medicinenet.com/symptoms_and_signs/alpha_c.htm","Concussion Symptoms and Signs"
"1522349812-1930","https://www.medicinenet.com/symptoms_and_signs/alpha_x.htm","J","https://www.medicinenet.com/symptoms_and_signs/alpha_j.htm","Joint Warmth"
"1522349883-2159","https://www.medicinenet.com/symptoms_and_signs/alpha_x.htm","B","https://www.medicinenet.com/symptoms_and_signs/alpha_b.htm","Burning Urination"
"1522349856-2063","https://www.medicinenet.com/symptoms_and_signs/alpha_x.htm","D","https://www.medicinenet.com/symptoms_and_signs/alpha_d.htm","Diarrhea"
"1522349890-2165","https://www.medicinenet.com/symptoms_and_signs/alpha_x.htm","A","https://www.medicinenet.com/symptoms_and_signs/alpha_a.htm","Absence of Speech (Loss of Speech)"
"1522349799-1907","https://www.medicinenet.com/symptoms_and_signs/alpha_x.htm","L","https://www.medicinenet.com/symptoms_and_signs/alpha_l.htm","Low Urine Output"
"1522349842-2006","https://www.medicinenet.com/symptoms_and_signs/alpha_x.htm","F","https://www.medicinenet.com/symptoms_and_signs/alpha_f.htm","Flaky Scalp"
"1522349842-2003","https://www.medicinenet.com/symptoms_and_signs/alpha_x.htm","F","https://www.medicinenet.com/symptoms_and_signs/alpha_f.htm","Fever, Zika (Zika Virus Infection Symptoms and Signs)"
"1522349741-1810","https://www.medicinenet.com/symptoms_and_signs/alpha_x.htm","P","https://www.medicinenet.com/symptoms_and_signs/alpha_p.htm","Penile Itching"
"1522349883-2137","https://www.medicinenet.com/symptoms_and_signs/alpha_x.htm","B","https://www.medicinenet.com/symptoms_and_signs/alpha_b.htm","Blood Clot in the Lung (Pulmonary Embolism Symptoms and Signs)"
"1522349828-1983","https://www.medicinenet.com/symptoms_and_signs/alpha_x.htm","H","https://www.medicinenet.com/symptoms_and_signs/alpha_h.htm","Hypopituitarism Symptoms and Signs"
"1522349805-1921","https://www.medicinenet.com/symptoms_and_signs/alpha_x.htm","K","https://www.medicinenet.com/symptoms_and_signs/alpha_k.htm","Koilonychia"
"1522349726-1790","https://www.medicinenet.com/symptoms_and_signs/alpha_x.htm","R","https://www.medicinenet.com/symptoms_and_signs/alpha_r.htm","Retinal Detachment Symptoms and Signs"
"1522349705-1732","https://www.medicinenet.com/symptoms_and_signs/alpha_x.htm","T","https://www.medicinenet.com/symptoms_and_signs/alpha_t.htm","Tic"
"1522349848-2047","https://www.medicinenet.com/symptoms_and_signs/alpha_x.htm","E","https://www.medicinenet.com/symptoms_and_signs/alpha_e.htm","Eye Twitch"
"1522349848-2023","https://www.medicinenet.com/symptoms_and_signs/alpha_x.htm","E","https://www.medicinenet.com/symptoms_and_signs/alpha_e.htm","Emotional Disorder (Inability to Regulate Emotions)"
"1522349713-1741","https://www.medicinenet.com/symptoms_and_signs/alpha_x.htm","S","https://www.medicinenet.com/symptoms_and_signs/alpha_s.htm","Schizophrenia Symptoms and Signs"
"1522349812-1925","https://www.medicinenet.com/symptoms_and_signs/alpha_x.htm","J","https://www.medicinenet.com/symptoms_and_signs/alpha_j.htm","Joint Deformity"
"1522349834-1987","https://www.medicinenet.com/symptoms_and_signs/alpha_x.htm","G","https://www.medicinenet.com/symptoms_and_signs/alpha_g.htm","Gas"
"1522349741-1817","https://www.medicinenet.com/symptoms_and_signs/alpha_x.htm","P","https://www.medicinenet.com/symptoms_and_signs/alpha_p.htm","Pink Eye"
"1522349883-2148","https://www.medicinenet.com/symptoms_and_signs/alpha_x.htm","B","https://www.medicinenet.com/symptoms_and_signs/alpha_b.htm","Brain Trauma (Concussion Symptoms and Signs)"
"1522349883-2155","https://www.medicinenet.com/symptoms_and_signs/alpha_x.htm","B","https://www.medicinenet.com/symptoms_and_signs/alpha_b.htm","Brittle Nails"
"1522349890-2183","https://www.medicinenet.com/symptoms_and_signs/alpha_x.htm","A","https://www.medicinenet.com/symptoms_and_signs/alpha_a.htm","Anxiety"
"1522349834-1996","https://www.medicinenet.com/symptoms_and_signs/alpha_x.htm","G","https://www.medicinenet.com/symptoms_and_signs/alpha_g.htm","Groin Pain"
"1522349713-1776","https://www.medicinenet.com/symptoms_and_signs/alpha_x.htm","S","https://www.medicinenet.com/symptoms_and_signs/alpha_s.htm","Swollen Knee"
"1522349792-1880","https://www.medicinenet.com/symptoms_and_signs/alpha_x.htm","M","https://www.medicinenet.com/symptoms_and_signs/alpha_m.htm","MRSA Infection Symptoms and Signs"
"1522349828-1980","https://www.medicinenet.com/symptoms_and_signs/alpha_x.htm","H","https://www.medicinenet.com/symptoms_and_signs/alpha_h.htm","Hyperventilation"
"1522349749-1834","https://www.medicinenet.com/symptoms_and_signs/alpha_x.htm","O","https://www.medicinenet.com/symptoms_and_signs/alpha_o.htm","Ocular Herpes Symptoms and Signs"
"1522349741-1804","https://www.medicinenet.com/symptoms_and_signs/alpha_x.htm","P","https://www.medicinenet.com/symptoms_and_signs/alpha_p.htm","Paraneoplastic Syndrome Symptoms and Signs"
"1522349818-1936","https://www.medicinenet.com/symptoms_and_signs/alpha_x.htm","I","https://www.medicinenet.com/symptoms_and_signs/alpha_i.htm","Increased Appetite"
"1522349713-1765","https://www.medicinenet.com/symptoms_and_signs/alpha_x.htm","S","https://www.medicinenet.com/symptoms_and_signs/alpha_s.htm","Stroke Symptoms and Signs"
"1522349713-1740","https://www.medicinenet.com/symptoms_and_signs/alpha_x.htm","S","https://www.medicinenet.com/symptoms_and_signs/alpha_s.htm","Scarlet Fever Symptoms and Signs"
"1522349698-1722","https://www.medicinenet.com/symptoms_and_signs/alpha_x.htm","U","https://www.medicinenet.com/symptoms_and_signs/alpha_u.htm","Urinary Tract Infection (UTI) Symptoms and Signs"
"1522349828-1962","https://www.medicinenet.com/symptoms_and_signs/alpha_x.htm","H","https://www.medicinenet.com/symptoms_and_signs/alpha_h.htm","Heel Pain"
"1522349792-1874","https://www.medicinenet.com/symptoms_and_signs/alpha_x.htm","M","https://www.medicinenet.com/symptoms_and_signs/alpha_m.htm","Miscarriage Symptoms and Signs"
"1522349705-1731","https://www.medicinenet.com/symptoms_and_signs/alpha_x.htm","T","https://www.medicinenet.com/symptoms_and_signs/alpha_t.htm","Thrush (Oral Candidiasis) Symptoms and Signs"
"1522349883-2135","https://www.medicinenet.com/symptoms_and_signs/alpha_x.htm","B","https://www.medicinenet.com/symptoms_and_signs/alpha_b.htm","Blepharitis Symptoms and Signs"
"1522349828-1963","https://www.medicinenet.com/symptoms_and_signs/alpha_x.htm","H","https://www.medicinenet.com/symptoms_and_signs/alpha_h.htm","Helicobacter pylori (H. pylori) Symptoms and Signs"
"1522349883-2138","https://www.medicinenet.com/symptoms_and_signs/alpha_x.htm","B","https://www.medicinenet.com/symptoms_and_signs/alpha_b.htm","Blood Clot Symptoms and Signs"
"1522349842-2007","https://www.medicinenet.com/symptoms_and_signs/alpha_x.htm","F","https://www.medicinenet.com/symptoms_and_signs/alpha_f.htm","Flat Affect"
"1522349799-1893","https://www.medicinenet.com/symptoms_and_signs/alpha_x.htm","L","https://www.medicinenet.com/symptoms_and_signs/alpha_l.htm","Leg Pain"
"1522349856-2067","https://www.medicinenet.com/symptoms_and_signs/alpha_x.htm","D","https://www.medicinenet.com/symptoms_and_signs/alpha_d.htm","Dilated Pupils (Mydriasis)"
"1522349792-1869","https://www.medicinenet.com/symptoms_and_signs/alpha_x.htm","M","https://www.medicinenet.com/symptoms_and_signs/alpha_m.htm","Menopause Symptoms and Signs"
"1522349741-1801","https://www.medicinenet.com/symptoms_and_signs/alpha_x.htm","P","https://www.medicinenet.com/symptoms_and_signs/alpha_p.htm","Pancreatitis Symptoms and Signs"
"1522349726-1791","https://www.medicinenet.com/symptoms_and_signs/alpha_x.htm","R","https://www.medicinenet.com/symptoms_and_signs/alpha_r.htm","Rheumatoid Arthritis (RA) Symptoms and Signs"
"1522349741-1828","https://www.medicinenet.com/symptoms_and_signs/alpha_x.htm","P","https://www.medicinenet.com/symptoms_and_signs/alpha_p.htm","Proteinuria (Protein in the Urine)"
"1522349749-1840","https://www.medicinenet.com/symptoms_and_signs/alpha_x.htm","O","https://www.medicinenet.com/symptoms_and_signs/alpha_o.htm","Overactive Bladder (Bladder Spasms)"
"1522349756-1848","https://www.medicinenet.com/symptoms_and_signs/alpha_x.htm","N","https://www.medicinenet.com/symptoms_and_signs/alpha_n.htm","Nausea"
"1522349890-2187","https://www.medicinenet.com/symptoms_and_signs/alpha_x.htm","A","https://www.medicinenet.com/symptoms_and_signs/alpha_a.htm","Arrhythmia Symptoms and Signs"
"1522349828-1958","https://www.medicinenet.com/symptoms_and_signs/alpha_x.htm","H","https://www.medicinenet.com/symptoms_and_signs/alpha_h.htm","Heart Attack in Women Symptoms and Signs"
"1522349856-2074","https://www.medicinenet.com/symptoms_and_signs/alpha_x.htm","D","https://www.medicinenet.com/symptoms_and_signs/alpha_d.htm","Dizziness"
"1522349805-1920","https://www.medicinenet.com/symptoms_and_signs/alpha_x.htm","K","https://www.medicinenet.com/symptoms_and_signs/alpha_k.htm","Knee Swelling (Swollen Knee)"
"1522349749-1841","https://www.medicinenet.com/symptoms_and_signs/alpha_x.htm","O","https://www.medicinenet.com/symptoms_and_signs/alpha_o.htm","Overactive Bladder (OAB) Symptoms and Signs"
"1522349792-1885","https://www.medicinenet.com/symptoms_and_signs/alpha_x.htm","M","https://www.medicinenet.com/symptoms_and_signs/alpha_m.htm","Muscle Pain (Myalgia)"
"1522349890-2184","https://www.medicinenet.com/symptoms_and_signs/alpha_x.htm","A","https://www.medicinenet.com/symptoms_and_signs/alpha_a.htm","Aphasia (Loss of Speech)"
"1522349834-1992","https://www.medicinenet.com/symptoms_and_signs/alpha_x.htm","G","https://www.medicinenet.com/symptoms_and_signs/alpha_g.htm","Giardiasis Symptoms and Signs"
"1522349818-1934","https://www.medicinenet.com/symptoms_and_signs/alpha_x.htm","I","https://www.medicinenet.com/symptoms_and_signs/alpha_i.htm","Inattention"
"1522349848-2044","https://www.medicinenet.com/symptoms_and_signs/alpha_x.htm","E","https://www.medicinenet.com/symptoms_and_signs/alpha_e.htm","Eye Floaters"
"1522349799-1911","https://www.medicinenet.com/symptoms_and_signs/alpha_x.htm","L","https://www.medicinenet.com/symptoms_and_signs/alpha_l.htm","Lyme Disease Symptoms and Signs"
"1522349792-1862","https://www.medicinenet.com/symptoms_and_signs/alpha_x.htm","M","https://www.medicinenet.com/symptoms_and_signs/alpha_m.htm","Mastitis Symptoms and Signs"
"1522349741-1811","https://www.medicinenet.com/symptoms_and_signs/alpha_x.htm","P","https://www.medicinenet.com/symptoms_and_signs/alpha_p.htm","Penile Pain"
"1522349713-1773","https://www.medicinenet.com/symptoms_and_signs/alpha_x.htm","S","https://www.medicinenet.com/symptoms_and_signs/alpha_s.htm","Swollen Eyes"
"1522349799-1895","https://www.medicinenet.com/symptoms_and_signs/alpha_x.htm","L","https://www.medicinenet.com/symptoms_and_signs/alpha_l.htm","Leg Swelling"
"1522349872-2092","https://www.medicinenet.com/symptoms_and_signs/alpha_x.htm","C","https://www.medicinenet.com/symptoms_and_signs/alpha_c.htm","Cervical Cancer Symptoms and Signs"
"1522349799-1902","https://www.medicinenet.com/symptoms_and_signs/alpha_x.htm","L","https://www.medicinenet.com/symptoms_and_signs/alpha_l.htm","Loss of Temperature Sensation"
"1522349890-2186","https://www.medicinenet.com/symptoms_and_signs/alpha_x.htm","A","https://www.medicinenet.com/symptoms_and_signs/alpha_a.htm","Arm Pain"
"1522349726-1783","https://www.medicinenet.com/symptoms_and_signs/alpha_x.htm","R","https://www.medicinenet.com/symptoms_and_signs/alpha_r.htm","Rectal Bleeding"
"1522349890-2180","https://www.medicinenet.com/symptoms_and_signs/alpha_x.htm","A","https://www.medicinenet.com/symptoms_and_signs/alpha_a.htm","Angle-Closure Glaucoma (Glaucoma Symptoms and Signs)"
"1522349856-2085","https://www.medicinenet.com/symptoms_and_signs/alpha_x.htm","D","https://www.medicinenet.com/symptoms_and_signs/alpha_d.htm","Dysphagia"
"1522349818-1945","https://www.medicinenet.com/symptoms_and_signs/alpha_x.htm","I","https://www.medicinenet.com/symptoms_and_signs/alpha_i.htm","Interstitial Cystitis Symptoms and Signs"
"1522349799-1903","https://www.medicinenet.com/symptoms_and_signs/alpha_x.htm","L","https://www.medicinenet.com/symptoms_and_signs/alpha_l.htm","Low Blood Pressure Symptoms and Signs"
"1522349818-1935","https://www.medicinenet.com/symptoms_and_signs/alpha_x.htm","I","https://www.medicinenet.com/symptoms_and_signs/alpha_i.htm","Incontinence, Urine"
"1522349890-2169","https://www.medicinenet.com/symptoms_and_signs/alpha_x.htm","A","https://www.medicinenet.com/symptoms_and_signs/alpha_a.htm","ADHD Symptoms and Signs"
"1522349872-2101","https://www.medicinenet.com/symptoms_and_signs/alpha_x.htm","C","https://www.medicinenet.com/symptoms_and_signs/alpha_c.htm","Chronic Pain"
"1522349692-1703","https://www.medicinenet.com/symptoms_and_signs/alpha_x.htm","V","https://www.medicinenet.com/symptoms_and_signs/alpha_v.htm","Vaginal Itching"
"1522349818-1933","https://www.medicinenet.com/symptoms_and_signs/alpha_x.htm","I","https://www.medicinenet.com/symptoms_and_signs/alpha_i.htm","Inability to Regulate Emotions"
"1522349828-1976","https://www.medicinenet.com/symptoms_and_signs/alpha_x.htm","H","https://www.medicinenet.com/symptoms_and_signs/alpha_h.htm","Hot Flashes"
"1522349692-1707","https://www.medicinenet.com/symptoms_and_signs/alpha_x.htm","V","https://www.medicinenet.com/symptoms_and_signs/alpha_v.htm","Vertical Ridges on the Fingernails"
"1522349683-1698","https://www.medicinenet.com/symptoms_and_signs/alpha_x.htm","W","https://www.medicinenet.com/symptoms_and_signs/alpha_w.htm","White Tongue"
"1522349848-2024","https://www.medicinenet.com/symptoms_and_signs/alpha_x.htm","E","https://www.medicinenet.com/symptoms_and_signs/alpha_e.htm","Endocarditis Symptoms and Signs"
"1522349890-2181","https://www.medicinenet.com/symptoms_and_signs/alpha_x.htm","A","https://www.medicinenet.com/symptoms_and_signs/alpha_a.htm","Angular Cheilitis Symptoms and Signs"
"1522349792-1866","https://www.medicinenet.com/symptoms_and_signs/alpha_x.htm","M","https://www.medicinenet.com/symptoms_and_signs/alpha_m.htm","Memory Loss"
"1522349792-1872","https://www.medicinenet.com/symptoms_and_signs/alpha_x.htm","M","https://www.medicinenet.com/symptoms_and_signs/alpha_m.htm","Middle Ear Infection Symptoms and Signs"
"1522349756-1855","https://www.medicinenet.com/symptoms_and_signs/alpha_x.htm","N","https://www.medicinenet.com/symptoms_and_signs/alpha_n.htm","Non-Polio Enterovirus Symptoms and Signs"
"1522349842-2001","https://www.medicinenet.com/symptoms_and_signs/alpha_x.htm","F","https://www.medicinenet.com/symptoms_and_signs/alpha_f.htm","Fecal Incontinence"
"1522349856-2049","https://www.medicinenet.com/symptoms_and_signs/alpha_x.htm","D","https://www.medicinenet.com/symptoms_and_signs/alpha_d.htm","Dark Circles Under the Eyes"
"1522349756-1853","https://www.medicinenet.com/symptoms_and_signs/alpha_x.htm","N","https://www.medicinenet.com/symptoms_and_signs/alpha_n.htm","Nipple Pain"
"1522349883-2125","https://www.medicinenet.com/symptoms_and_signs/alpha_x.htm","B","https://www.medicinenet.com/symptoms_and_signs/alpha_b.htm","Bad Taste in the Mouth"
"1522349713-1760","https://www.medicinenet.com/symptoms_and_signs/alpha_x.htm","S","https://www.medicinenet.com/symptoms_and_signs/alpha_s.htm","Stomach Cramps"
"1522349812-1928","https://www.medicinenet.com/symptoms_and_signs/alpha_x.htm","J","https://www.medicinenet.com/symptoms_and_signs/alpha_j.htm","Joint Redness"
"1522349828-1985","https://www.medicinenet.com/symptoms_and_signs/alpha_x.htm","H","https://www.medicinenet.com/symptoms_and_signs/alpha_h.htm","Hypothyroidism Symptoms and Signs"
"1522349848-2022","https://www.medicinenet.com/symptoms_and_signs/alpha_x.htm","E","https://www.medicinenet.com/symptoms_and_signs/alpha_e.htm","Elevated Blood Sugar (High Blood Sugar Symptoms and Signs)"
"1522349872-2111","https://www.medicinenet.com/symptoms_and_signs/alpha_x.htm","C","https://www.medicinenet.com/symptoms_and_signs/alpha_c.htm","Colon Cancer Symptoms and Signs"
"1522349799-1898","https://www.medicinenet.com/symptoms_and_signs/alpha_x.htm","L","https://www.medicinenet.com/symptoms_and_signs/alpha_l.htm","Liver Cancer Symptoms and Signs"
"1522349848-2028","https://www.medicinenet.com/symptoms_and_signs/alpha_x.htm","E","https://www.medicinenet.com/symptoms_and_signs/alpha_e.htm","Enteroadherent E. coli (E. coli 0157:H7 (Escherichia coli 0157:H7))"
"1522349883-2142","https://www.medicinenet.com/symptoms_and_signs/alpha_x.htm","B","https://www.medicinenet.com/symptoms_and_signs/alpha_b.htm","Bloody Sputum"
"1522349834-1995","https://www.medicinenet.com/symptoms_and_signs/alpha_x.htm","G","https://www.medicinenet.com/symptoms_and_signs/alpha_g.htm","Gout Symptoms and Signs"
"1522349749-1838","https://www.medicinenet.com/symptoms_and_signs/alpha_x.htm","O","https://www.medicinenet.com/symptoms_and_signs/alpha_o.htm","Osteoporosis Symptoms and Signs"
"1522349842-2010","https://www.medicinenet.com/symptoms_and_signs/alpha_x.htm","F","https://www.medicinenet.com/symptoms_and_signs/alpha_f.htm","Foot Pain"
"1522349842-1999","https://www.medicinenet.com/symptoms_and_signs/alpha_x.htm","F","https://www.medicinenet.com/symptoms_and_signs/alpha_f.htm","Fainting"
"1522349805-1914","https://www.medicinenet.com/symptoms_and_signs/alpha_x.htm","K","https://www.medicinenet.com/symptoms_and_signs/alpha_k.htm","Kawasaki Disease Symptoms and Signs"
"1522349872-2104","https://www.medicinenet.com/symptoms_and_signs/alpha_x.htm","C","https://www.medicinenet.com/symptoms_and_signs/alpha_c.htm","Cobalamin Deficiency (Vitamin B12 Deficiency Symptoms and Signs)"
"1522349848-2045","https://www.medicinenet.com/symptoms_and_signs/alpha_x.htm","E","https://www.medicinenet.com/symptoms_and_signs/alpha_e.htm","Eye Herpes (Ocular Herpes Symptoms and Signs)"
"1522349883-2127","https://www.medicinenet.com/symptoms_and_signs/alpha_x.htm","B","https://www.medicinenet.com/symptoms_and_signs/alpha_b.htm","Behavior Disorder (Unusual Behavior)"
"1522349872-2116","https://www.medicinenet.com/symptoms_and_signs/alpha_x.htm","C","https://www.medicinenet.com/symptoms_and_signs/alpha_c.htm","Contact Dermatitis Symptoms and Signs"
"1522349856-2052","https://www.medicinenet.com/symptoms_and_signs/alpha_x.htm","D","https://www.medicinenet.com/symptoms_and_signs/alpha_d.htm","Decreased Bone Density (Osteopenia)"
"1522349799-1913","https://www.medicinenet.com/symptoms_and_signs/alpha_x.htm","L","https://www.medicinenet.com/symptoms_and_signs/alpha_l.htm","Lymphedema Symptoms and Signs"
"1522349818-1940","https://www.medicinenet.com/symptoms_and_signs/alpha_x.htm","I","https://www.medicinenet.com/symptoms_and_signs/alpha_i.htm","Inflammation of the Larynx (Laryngitis)"
"1522349848-2027","https://www.medicinenet.com/symptoms_and_signs/alpha_x.htm","E","https://www.medicinenet.com/symptoms_and_signs/alpha_e.htm","Enlarged Heart"
"1522349741-1814","https://www.medicinenet.com/symptoms_and_signs/alpha_x.htm","P","https://www.medicinenet.com/symptoms_and_signs/alpha_p.htm","Peripheral Neuropathy"
"1522349713-1752","https://www.medicinenet.com/symptoms_and_signs/alpha_x.htm","S","https://www.medicinenet.com/symptoms_and_signs/alpha_s.htm","Sneezing"
"1522349756-1856","https://www.medicinenet.com/symptoms_and_signs/alpha_x.htm","N","https://www.medicinenet.com/symptoms_and_signs/alpha_n.htm","Numbness Fingers"
"1522349848-2037","https://www.medicinenet.com/symptoms_and_signs/alpha_x.htm","E","https://www.medicinenet.com/symptoms_and_signs/alpha_e.htm","ETEC (E. coli 0157:H7 (Escherichia coli 0157:H7))"
"1522349842-2009","https://www.medicinenet.com/symptoms_and_signs/alpha_x.htm","F","https://www.medicinenet.com/symptoms_and_signs/alpha_f.htm","Fluctuating Mood (Mood Swings)"
"1522349792-1859","https://www.medicinenet.com/symptoms_and_signs/alpha_x.htm","M","https://www.medicinenet.com/symptoms_and_signs/alpha_m.htm","Macular Degeneration Symptoms and Signs"
"1522349872-2119","https://www.medicinenet.com/symptoms_and_signs/alpha_x.htm","C","https://www.medicinenet.com/symptoms_and_signs/alpha_c.htm","Creaking Joints (Joint Cracking)"
"1522349713-1775","https://www.medicinenet.com/symptoms_and_signs/alpha_x.htm","S","https://www.medicinenet.com/symptoms_and_signs/alpha_s.htm","Swollen Joints"
"1522349890-2164","https://www.medicinenet.com/symptoms_and_signs/alpha_x.htm","A","https://www.medicinenet.com/symptoms_and_signs/alpha_a.htm","Abscessed Tooth Symptoms and Signs"
"1522349834-1989","https://www.medicinenet.com/symptoms_and_signs/alpha_x.htm","G","https://www.medicinenet.com/symptoms_and_signs/alpha_g.htm","Gastroenteritis (Stomach Flu) Symptoms and Signs"
"1522349890-2166","https://www.medicinenet.com/symptoms_and_signs/alpha_x.htm","A","https://www.medicinenet.com/symptoms_and_signs/alpha_a.htm","Acid Reflux (GERD) Symptoms and Signs"
"1522349713-1781","https://www.medicinenet.com/symptoms_and_signs/alpha_x.htm","S","https://www.medicinenet.com/symptoms_and_signs/alpha_s.htm","Swollen Tonsils"
"1522349818-1941","https://www.medicinenet.com/symptoms_and_signs/alpha_x.htm","I","https://www.medicinenet.com/symptoms_and_signs/alpha_i.htm","Inflammation of the Sclera (Scleritis Symptoms and Signs)"
"1522349834-1994","https://www.medicinenet.com/symptoms_and_signs/alpha_x.htm","G","https://www.medicinenet.com/symptoms_and_signs/alpha_g.htm","Glaucoma Symptoms and Signs"
"1522349818-1947","https://www.medicinenet.com/symptoms_and_signs/alpha_x.htm","I","https://www.medicinenet.com/symptoms_and_signs/alpha_i.htm","Inverted Nipple"
"1522349842-2011","https://www.medicinenet.com/symptoms_and_signs/alpha_x.htm","F","https://www.medicinenet.com/symptoms_and_signs/alpha_f.htm","Foreign Body in the Eye Symptoms and Signs"
"1522349883-2140","https://www.medicinenet.com/symptoms_and_signs/alpha_x.htm","B","https://www.medicinenet.com/symptoms_and_signs/alpha_b.htm","Blood In Urine"
"1522349856-2062","https://www.medicinenet.com/symptoms_and_signs/alpha_x.htm","D","https://www.medicinenet.com/symptoms_and_signs/alpha_d.htm","Diabetic Ketoacidosis (DKA) Symptoms and Signs"
"1522349799-1899","https://www.medicinenet.com/symptoms_and_signs/alpha_x.htm","L","https://www.medicinenet.com/symptoms_and_signs/alpha_l.htm","Loss of Appetite"
"1522349799-1910","https://www.medicinenet.com/symptoms_and_signs/alpha_x.htm","L","https://www.medicinenet.com/symptoms_and_signs/alpha_l.htm","Lupus Symptoms and Signs"
"1522349856-2080","https://www.medicinenet.com/symptoms_and_signs/alpha_x.htm","D","https://www.medicinenet.com/symptoms_and_signs/alpha_d.htm","Dry Mouth"
"1522349872-2115","https://www.medicinenet.com/symptoms_and_signs/alpha_x.htm","C","https://www.medicinenet.com/symptoms_and_signs/alpha_c.htm","Constipation"
"1522349792-1884","https://www.medicinenet.com/symptoms_and_signs/alpha_x.htm","M","https://www.medicinenet.com/symptoms_and_signs/alpha_m.htm","Muscle Cramps"
"1522349792-1873","https://www.medicinenet.com/symptoms_and_signs/alpha_x.htm","M","https://www.medicinenet.com/symptoms_and_signs/alpha_m.htm","Migraine Symptoms and Signs"
"1522349792-1881","https://www.medicinenet.com/symptoms_and_signs/alpha_x.htm","M","https://www.medicinenet.com/symptoms_and_signs/alpha_m.htm","Multiple Myeloma Symptoms and Signs"
"1522349883-2151","https://www.medicinenet.com/symptoms_and_signs/alpha_x.htm","B","https://www.medicinenet.com/symptoms_and_signs/alpha_b.htm","Breast Discharge"
"1522349669-1689","https://www.medicinenet.com/symptoms_and_signs/alpha_x.htm","Z","https://www.medicinenet.com/symptoms_and_signs/alpha_z.htm","Zika Virus Infection Symptoms and Signs"
"1522349799-1890","https://www.medicinenet.com/symptoms_and_signs/alpha_x.htm","L","https://www.medicinenet.com/symptoms_and_signs/alpha_l.htm","Lactase Deficiency (Lactose Intolerance Symptoms and Signs)"
"1522349741-1824","https://www.medicinenet.com/symptoms_and_signs/alpha_x.htm","P","https://www.medicinenet.com/symptoms_and_signs/alpha_p.htm","Postnasal Drip Symptoms and Signs"
"1522349828-1978","https://www.medicinenet.com/symptoms_and_signs/alpha_x.htm","H","https://www.medicinenet.com/symptoms_and_signs/alpha_h.htm","Hyperthermia Symptoms and Signs"
"1522349713-1742","https://www.medicinenet.com/symptoms_and_signs/alpha_x.htm","S","https://www.medicinenet.com/symptoms_and_signs/alpha_s.htm","Scleritis Symptoms and Signs"
"1522349799-1897","https://www.medicinenet.com/symptoms_and_signs/alpha_x.htm","L","https://www.medicinenet.com/symptoms_and_signs/alpha_l.htm","Limping"
"1522349856-2071","https://www.medicinenet.com/symptoms_and_signs/alpha_x.htm","D","https://www.medicinenet.com/symptoms_and_signs/alpha_d.htm","Distended Stomach (Abdominal Distention)"
"1522349799-1900","https://www.medicinenet.com/symptoms_and_signs/alpha_x.htm","L","https://www.medicinenet.com/symptoms_and_signs/alpha_l.htm","Loss of Speech"
"1522349848-2042","https://www.medicinenet.com/symptoms_and_signs/alpha_x.htm","E","https://www.medicinenet.com/symptoms_and_signs/alpha_e.htm","External Otitis (Swimmer's Ear (Otitis Externa) Symptoms and Signs)"
"1522349705-1727","https://www.medicinenet.com/symptoms_and_signs/alpha_x.htm","T","https://www.medicinenet.com/symptoms_and_signs/alpha_t.htm","Testicular Pain"
"1522349792-1875","https://www.medicinenet.com/symptoms_and_signs/alpha_x.htm","M","https://www.medicinenet.com/symptoms_and_signs/alpha_m.htm","Missed Menstrual Period"
"1522349713-1769","https://www.medicinenet.com/symptoms_and_signs/alpha_x.htm","S","https://www.medicinenet.com/symptoms_and_signs/alpha_s.htm","Swimmer's Ear (Otitis Externa) Symptoms and Signs"
"1522349890-2177","https://www.medicinenet.com/symptoms_and_signs/alpha_x.htm","A","https://www.medicinenet.com/symptoms_and_signs/alpha_a.htm","Anal Itching"
"1522349799-1889","https://www.medicinenet.com/symptoms_and_signs/alpha_x.htm","L","https://www.medicinenet.com/symptoms_and_signs/alpha_l.htm","Lack of Facial Expressions"
"1522349848-2016","https://www.medicinenet.com/symptoms_and_signs/alpha_x.htm","E","https://www.medicinenet.com/symptoms_and_signs/alpha_e.htm","Earache"
"1522349713-1764","https://www.medicinenet.com/symptoms_and_signs/alpha_x.htm","S","https://www.medicinenet.com/symptoms_and_signs/alpha_s.htm","Strep Throat Symptoms and Signs"
"1522349856-2051","https://www.medicinenet.com/symptoms_and_signs/alpha_x.htm","D","https://www.medicinenet.com/symptoms_and_signs/alpha_d.htm","Decreased Appetite"
"1522349883-2161","https://www.medicinenet.com/symptoms_and_signs/alpha_x.htm","B","https://www.medicinenet.com/symptoms_and_signs/alpha_b.htm","Buttock Pain"
"1522349799-1894","https://www.medicinenet.com/symptoms_and_signs/alpha_x.htm","L","https://www.medicinenet.com/symptoms_and_signs/alpha_l.htm","Leg Sores"
"1522349756-1854","https://www.medicinenet.com/symptoms_and_signs/alpha_x.htm","N","https://www.medicinenet.com/symptoms_and_signs/alpha_n.htm","Nipple Retraction (Inverted Nipple)"
"1522349756-1857","https://www.medicinenet.com/symptoms_and_signs/alpha_x.htm","N","https://www.medicinenet.com/symptoms_and_signs/alpha_n.htm","Numbness or Tingling Sensation in the Tongue"
"1522349890-2173","https://www.medicinenet.com/symptoms_and_signs/alpha_x.htm","A","https://www.medicinenet.com/symptoms_and_signs/alpha_a.htm","Allergy"
"1522349856-2082","https://www.medicinenet.com/symptoms_and_signs/alpha_x.htm","D","https://www.medicinenet.com/symptoms_and_signs/alpha_d.htm","Dry Socket Symptoms and Signs"
"1522349741-1805","https://www.medicinenet.com/symptoms_and_signs/alpha_x.htm","P","https://www.medicinenet.com/symptoms_and_signs/alpha_p.htm","Paranoia"
"1522349812-1927","https://www.medicinenet.com/symptoms_and_signs/alpha_x.htm","J","https://www.medicinenet.com/symptoms_and_signs/alpha_j.htm","Joint Popping (Joint Cracking)"
"1522349713-1745","https://www.medicinenet.com/symptoms_and_signs/alpha_x.htm","S","https://www.medicinenet.com/symptoms_and_signs/alpha_s.htm","Shaking Hands (Hand Tremors)"
"1522349848-2018","https://www.medicinenet.com/symptoms_and_signs/alpha_x.htm","E","https://www.medicinenet.com/symptoms_and_signs/alpha_e.htm","Ebola Virus Disease Symptoms and Signs"
"1522349856-2068","https://www.medicinenet.com/symptoms_and_signs/alpha_x.htm","D","https://www.medicinenet.com/symptoms_and_signs/alpha_d.htm","Dimpled Breast (Peau d'Orange)"
"1522349856-2054","https://www.medicinenet.com/symptoms_and_signs/alpha_x.htm","D","https://www.medicinenet.com/symptoms_and_signs/alpha_d.htm","Delirium"
"1522349883-2126","https://www.medicinenet.com/symptoms_and_signs/alpha_x.htm","B","https://www.medicinenet.com/symptoms_and_signs/alpha_b.htm","Beau's Lines"
"1522349872-2097","https://www.medicinenet.com/symptoms_and_signs/alpha_x.htm","C","https://www.medicinenet.com/symptoms_and_signs/alpha_c.htm","Chest Tightness (Tightness in Chest)"
"1522349848-2048","https://www.medicinenet.com/symptoms_and_signs/alpha_x.htm","E","https://www.medicinenet.com/symptoms_and_signs/alpha_e.htm","Eyestrain Symptoms and Signs"
"1522349741-1813","https://www.medicinenet.com/symptoms_and_signs/alpha_x.htm","P","https://www.medicinenet.com/symptoms_and_signs/alpha_p.htm","Periodontitis (Gum Disease Symptoms and Signs)"
"1522349812-1929","https://www.medicinenet.com/symptoms_and_signs/alpha_x.htm","J","https://www.medicinenet.com/symptoms_and_signs/alpha_j.htm","Joint Stiffness"
"1522349792-1877","https://www.medicinenet.com/symptoms_and_signs/alpha_x.htm","M","https://www.medicinenet.com/symptoms_and_signs/alpha_m.htm","Morning Sickness Symptoms and Signs"
"1522349705-1730","https://www.medicinenet.com/symptoms_and_signs/alpha_x.htm","T","https://www.medicinenet.com/symptoms_and_signs/alpha_t.htm","Throat Cancer Symptoms and Signs"
"1522349749-1836","https://www.medicinenet.com/symptoms_and_signs/alpha_x.htm","O","https://www.medicinenet.com/symptoms_and_signs/alpha_o.htm","Open-Angle Glaucoma (Glaucoma Symptoms and Signs)"
"1522349705-1726","https://www.medicinenet.com/symptoms_and_signs/alpha_x.htm","T","https://www.medicinenet.com/symptoms_and_signs/alpha_t.htm","Tachycardia"
"1522349872-2121","https://www.medicinenet.com/symptoms_and_signs/alpha_x.htm","C","https://www.medicinenet.com/symptoms_and_signs/alpha_c.htm","Cyanosis/Turning Blue"
"1522349828-1975","https://www.medicinenet.com/symptoms_and_signs/alpha_x.htm","H","https://www.medicinenet.com/symptoms_and_signs/alpha_h.htm","Hoarseness"
"1522349818-1931","https://www.medicinenet.com/symptoms_and_signs/alpha_x.htm","I","https://www.medicinenet.com/symptoms_and_signs/alpha_i.htm","Impotence"
"1522349713-1750","https://www.medicinenet.com/symptoms_and_signs/alpha_x.htm","S","https://www.medicinenet.com/symptoms_and_signs/alpha_s.htm","Sleep Apnea Symptoms and Signs"
"1522349799-1888","https://www.medicinenet.com/symptoms_and_signs/alpha_x.htm","L","https://www.medicinenet.com/symptoms_and_signs/alpha_l.htm","Labile Mood (Inability to Regulate Emotions)"
"1522349872-2094","https://www.medicinenet.com/symptoms_and_signs/alpha_x.htm","C","https://www.medicinenet.com/symptoms_and_signs/alpha_c.htm","Changes in Skin of the Breast"
"1522349799-1904","https://www.medicinenet.com/symptoms_and_signs/alpha_x.htm","L","https://www.medicinenet.com/symptoms_and_signs/alpha_l.htm","Low Blood Sugar (Hypoglycemia Symptoms and Signs)"
"1522349692-1704","https://www.medicinenet.com/symptoms_and_signs/alpha_x.htm","V","https://www.medicinenet.com/symptoms_and_signs/alpha_v.htm","Vaginal Odor"
"1522349692-1713","https://www.medicinenet.com/symptoms_and_signs/alpha_x.htm","V","https://www.medicinenet.com/symptoms_and_signs/alpha_v.htm","Vomiting"
"1522349883-2139","https://www.medicinenet.com/symptoms_and_signs/alpha_x.htm","B","https://www.medicinenet.com/symptoms_and_signs/alpha_b.htm","Blood in Semen"
"1522349792-1861","https://www.medicinenet.com/symptoms_and_signs/alpha_x.htm","M","https://www.medicinenet.com/symptoms_and_signs/alpha_m.htm","Mania Symptoms and Signs"
"1522349692-1712","https://www.medicinenet.com/symptoms_and_signs/alpha_x.htm","V","https://www.medicinenet.com/symptoms_and_signs/alpha_v.htm","Vocal Tics (Tic)"
"1522349756-1850","https://www.medicinenet.com/symptoms_and_signs/alpha_x.htm","N","https://www.medicinenet.com/symptoms_and_signs/alpha_n.htm","Neglecting Oneself (Self-Neglect)"
"1522349726-1792","https://www.medicinenet.com/symptoms_and_signs/alpha_x.htm","R","https://www.medicinenet.com/symptoms_and_signs/alpha_r.htm","Ringing in Ears"
"1522349741-1825","https://www.medicinenet.com/symptoms_and_signs/alpha_x.htm","P","https://www.medicinenet.com/symptoms_and_signs/alpha_p.htm","Postpartum Depression Symptoms and Signs"
"1522349705-1729","https://www.medicinenet.com/symptoms_and_signs/alpha_x.htm","T","https://www.medicinenet.com/symptoms_and_signs/alpha_t.htm","Thirst"
"1522349741-1800","https://www.medicinenet.com/symptoms_and_signs/alpha_x.htm","P","https://www.medicinenet.com/symptoms_and_signs/alpha_p.htm","Pancreatic Cancer Symptoms and Signs"
"1522349890-2167","https://www.medicinenet.com/symptoms_and_signs/alpha_x.htm","A","https://www.medicinenet.com/symptoms_and_signs/alpha_a.htm","Acute Sinusitis Symptoms and Signs"
"1522349756-1852","https://www.medicinenet.com/symptoms_and_signs/alpha_x.htm","N","https://www.medicinenet.com/symptoms_and_signs/alpha_n.htm","Nipple Inversion (Inverted Nipple)"
"1522349713-1779","https://www.medicinenet.com/symptoms_and_signs/alpha_x.htm","S","https://www.medicinenet.com/symptoms_and_signs/alpha_s.htm","Swollen Testicles"
"1522349805-1917","https://www.medicinenet.com/symptoms_and_signs/alpha_x.htm","K","https://www.medicinenet.com/symptoms_and_signs/alpha_k.htm","Kidney Infection Symptoms and Signs"
"1522349726-1787","https://www.medicinenet.com/symptoms_and_signs/alpha_x.htm","R","https://www.medicinenet.com/symptoms_and_signs/alpha_r.htm","Red Spots on the Skin"
"1522349834-1993","https://www.medicinenet.com/symptoms_and_signs/alpha_x.htm","G","https://www.medicinenet.com/symptoms_and_signs/alpha_g.htm","Gingivitis (Gum Disease Symptoms and Signs)"
"1522349713-1771","https://www.medicinenet.com/symptoms_and_signs/alpha_x.htm","S","https://www.medicinenet.com/symptoms_and_signs/alpha_s.htm","Swollen Ankles and/or Swollen Feet"
"1522349805-1915","https://www.medicinenet.com/symptoms_and_signs/alpha_x.htm","K","https://www.medicinenet.com/symptoms_and_signs/alpha_k.htm","Keratitis Symptoms and Signs"
"1522349698-1715","https://www.medicinenet.com/symptoms_and_signs/alpha_x.htm","U","https://www.medicinenet.com/symptoms_and_signs/alpha_u.htm","Ulcerative Colitis Symptoms and Signs"
"1522349741-1815","https://www.medicinenet.com/symptoms_and_signs/alpha_x.htm","P","https://www.medicinenet.com/symptoms_and_signs/alpha_p.htm","Phlebitis Symptoms and Signs"
"1522349828-1950","https://www.medicinenet.com/symptoms_and_signs/alpha_x.htm","H","https://www.medicinenet.com/symptoms_and_signs/alpha_h.htm","Hair Loss"
"1522349848-2041","https://www.medicinenet.com/symptoms_and_signs/alpha_x.htm","E","https://www.medicinenet.com/symptoms_and_signs/alpha_e.htm","Excessive Yawning (Yawning)"
"1522349828-1970","https://www.medicinenet.com/symptoms_and_signs/alpha_x.htm","H","https://www.medicinenet.com/symptoms_and_signs/alpha_h.htm","Hiccups"
"1522349726-1782","https://www.medicinenet.com/symptoms_and_signs/alpha_x.htm","R","https://www.medicinenet.com/symptoms_and_signs/alpha_r.htm","Rash"
"1522349890-2193","https://www.medicinenet.com/symptoms_and_signs/alpha_x.htm","A","https://www.medicinenet.com/symptoms_and_signs/alpha_a.htm","Autism Symptoms and Signs"
"1522349883-2129","https://www.medicinenet.com/symptoms_and_signs/alpha_x.htm","B","https://www.medicinenet.com/symptoms_and_signs/alpha_b.htm","Binge Eating Disorder Symptoms and Signs"
"1522349828-1973","https://www.medicinenet.com/symptoms_and_signs/alpha_x.htm","H","https://www.medicinenet.com/symptoms_and_signs/alpha_h.htm","Hip Pain"
"1522349872-2098","https://www.medicinenet.com/symptoms_and_signs/alpha_x.htm","C","https://www.medicinenet.com/symptoms_and_signs/alpha_c.htm","Chills"
"1522349883-2153","https://www.medicinenet.com/symptoms_and_signs/alpha_x.htm","B","https://www.medicinenet.com/symptoms_and_signs/alpha_b.htm","Breast Pain"
"1522349872-2096","https://www.medicinenet.com/symptoms_and_signs/alpha_x.htm","C","https://www.medicinenet.com/symptoms_and_signs/alpha_c.htm","Chest Pain"
"1522349683-1693","https://www.medicinenet.com/symptoms_and_signs/alpha_x.htm","W","https://www.medicinenet.com/symptoms_and_signs/alpha_w.htm","Weight Gain"
"1522349698-1723","https://www.medicinenet.com/symptoms_and_signs/alpha_x.htm","U","https://www.medicinenet.com/symptoms_and_signs/alpha_u.htm","Urinary Urgency"
"1522349834-1997","https://www.medicinenet.com/symptoms_and_signs/alpha_x.htm","G","https://www.medicinenet.com/symptoms_and_signs/alpha_g.htm","Gum Disease Symptoms and Signs"
"1522349890-2163","https://www.medicinenet.com/symptoms_and_signs/alpha_x.htm","A","https://www.medicinenet.com/symptoms_and_signs/alpha_a.htm","Abnormal Facial Expressions"
"1522349890-2188","https://www.medicinenet.com/symptoms_and_signs/alpha_x.htm","A","https://www.medicinenet.com/symptoms_and_signs/alpha_a.htm","Asthenopia (Eyestrain Symptoms and Signs)"
"1522349842-2004","https://www.medicinenet.com/symptoms_and_signs/alpha_x.htm","F","https://www.medicinenet.com/symptoms_and_signs/alpha_f.htm","Fibromyalgia Symptoms and Signs"
"1522349828-1969","https://www.medicinenet.com/symptoms_and_signs/alpha_x.htm","H","https://www.medicinenet.com/symptoms_and_signs/alpha_h.htm","Hiatal Hernia Symptoms and Signs"
"1522349848-2020","https://www.medicinenet.com/symptoms_and_signs/alpha_x.htm","E","https://www.medicinenet.com/symptoms_and_signs/alpha_e.htm","EIEC (E. coli 0157:H7 (Escherichia coli 0157:H7))"
"1522349856-2083","https://www.medicinenet.com/symptoms_and_signs/alpha_x.htm","D","https://www.medicinenet.com/symptoms_and_signs/alpha_d.htm","Dysarthria"
"1522349713-1757","https://www.medicinenet.com/symptoms_and_signs/alpha_x.htm","S","https://www.medicinenet.com/symptoms_and_signs/alpha_s.htm","Spoon-Shaped Fingernails (Koilonychia)"
"1522349713-1766","https://www.medicinenet.com/symptoms_and_signs/alpha_x.htm","S","https://www.medicinenet.com/symptoms_and_signs/alpha_s.htm","Sty Symptoms and Signs"
"1522349848-2033","https://www.medicinenet.com/symptoms_and_signs/alpha_x.htm","E","https://www.medicinenet.com/symptoms_and_signs/alpha_e.htm","Enterotoxigenic E. coli (E. coli 0157:H7 (Escherichia coli 0157:H7))"
"1522349818-1944","https://www.medicinenet.com/symptoms_and_signs/alpha_x.htm","I","https://www.medicinenet.com/symptoms_and_signs/alpha_i.htm","Insulin Resistance Symptoms and Signs"
"1522349828-1984","https://www.medicinenet.com/symptoms_and_signs/alpha_x.htm","H","https://www.medicinenet.com/symptoms_and_signs/alpha_h.htm","Hypothermia Symptoms and Signs"
"1522349842-2012","https://www.medicinenet.com/symptoms_and_signs/alpha_x.htm","F","https://www.medicinenet.com/symptoms_and_signs/alpha_f.htm","Frequent Urination"
"1522349726-1784","https://www.medicinenet.com/symptoms_and_signs/alpha_x.htm","R","https://www.medicinenet.com/symptoms_and_signs/alpha_r.htm","Rectal Incontinence (Fecal Incontinence)"
"1522349713-1778","https://www.medicinenet.com/symptoms_and_signs/alpha_x.htm","S","https://www.medicinenet.com/symptoms_and_signs/alpha_s.htm","Swollen Lymph Nodes"
"1522349848-2039","https://www.medicinenet.com/symptoms_and_signs/alpha_x.htm","E","https://www.medicinenet.com/symptoms_and_signs/alpha_e.htm","EV-D68 (Non-Polio Enterovirus Symptoms and Signs)"
"1522349856-2072","https://www.medicinenet.com/symptoms_and_signs/alpha_x.htm","D","https://www.medicinenet.com/symptoms_and_signs/alpha_d.htm","Distractibility"
"1522349890-2189","https://www.medicinenet.com/symptoms_and_signs/alpha_x.htm","A","https://www.medicinenet.com/symptoms_and_signs/alpha_a.htm","Asthma Symptoms and Signs"
"1522349705-1736","https://www.medicinenet.com/symptoms_and_signs/alpha_x.htm","T","https://www.medicinenet.com/symptoms_and_signs/alpha_t.htm","Toothache"
"1522349741-1797","https://www.medicinenet.com/symptoms_and_signs/alpha_x.htm","P","https://www.medicinenet.com/symptoms_and_signs/alpha_p.htm","Painful Intercourse"
"1522349756-1843","https://www.medicinenet.com/symptoms_and_signs/alpha_x.htm","N","https://www.medicinenet.com/symptoms_and_signs/alpha_n.htm","Nail Discoloration"
"1522349741-1831","https://www.medicinenet.com/symptoms_and_signs/alpha_x.htm","P","https://www.medicinenet.com/symptoms_and_signs/alpha_p.htm","Psoriatic Arthritis Symptoms and Signs"
"1522349828-1964","https://www.medicinenet.com/symptoms_and_signs/alpha_x.htm","H","https://www.medicinenet.com/symptoms_and_signs/alpha_h.htm","Hemolysis"
"1522349828-1967","https://www.medicinenet.com/symptoms_and_signs/alpha_x.htm","H","https://www.medicinenet.com/symptoms_and_signs/alpha_h.htm","Herpes Symptoms and Signs"
"1522349890-2179","https://www.medicinenet.com/symptoms_and_signs/alpha_x.htm","A","https://www.medicinenet.com/symptoms_and_signs/alpha_a.htm","Anemia"
"1522349883-2123","https://www.medicinenet.com/symptoms_and_signs/alpha_x.htm","B","https://www.medicinenet.com/symptoms_and_signs/alpha_b.htm","Back Pain"
"1522349872-2095","https://www.medicinenet.com/symptoms_and_signs/alpha_x.htm","C","https://www.medicinenet.com/symptoms_and_signs/alpha_c.htm","Chapped Lips (Cheilitis)"
"1522349713-1777","https://www.medicinenet.com/symptoms_and_signs/alpha_x.htm","S","https://www.medicinenet.com/symptoms_and_signs/alpha_s.htm","Swollen Lip"
"1522349856-2058","https://www.medicinenet.com/symptoms_and_signs/alpha_x.htm","D","https://www.medicinenet.com/symptoms_and_signs/alpha_d.htm","Depression"
"1522349692-1705","https://www.medicinenet.com/symptoms_and_signs/alpha_x.htm","V","https://www.medicinenet.com/symptoms_and_signs/alpha_v.htm","Vaginal Pain"
"1522349698-1721","https://www.medicinenet.com/symptoms_and_signs/alpha_x.htm","U","https://www.medicinenet.com/symptoms_and_signs/alpha_u.htm","Urinary Retention"
"1522349683-1699","https://www.medicinenet.com/symptoms_and_signs/alpha_x.htm","W","https://www.medicinenet.com/symptoms_and_signs/alpha_w.htm","Wrist Pain"
"1522349792-1878","https://www.medicinenet.com/symptoms_and_signs/alpha_x.htm","M","https://www.medicinenet.com/symptoms_and_signs/alpha_m.htm","Motor Tics (Tic)"
"1522349818-1942","https://www.medicinenet.com/symptoms_and_signs/alpha_x.htm","I","https://www.medicinenet.com/symptoms_and_signs/alpha_i.htm","Inflammatory Bowel Disease Symptoms and Signs"
"1522349741-1819","https://www.medicinenet.com/symptoms_and_signs/alpha_x.htm","P","https://www.medicinenet.com/symptoms_and_signs/alpha_p.htm","PMS (Premenstrual Syndrome) Symptoms and Signs"
"1522349890-2175","https://www.medicinenet.com/symptoms_and_signs/alpha_x.htm","A","https://www.medicinenet.com/symptoms_and_signs/alpha_a.htm","Alveolar Osteitis (Dry Socket Symptoms and Signs)"
"1522349848-2034","https://www.medicinenet.com/symptoms_and_signs/alpha_x.htm","E","https://www.medicinenet.com/symptoms_and_signs/alpha_e.htm","Enterovirus D68 (Non-Polio Enterovirus Symptoms and Signs)"
"1522349883-2149","https://www.medicinenet.com/symptoms_and_signs/alpha_x.htm","B","https://www.medicinenet.com/symptoms_and_signs/alpha_b.htm","Brain Tumor Symptoms and Signs"
"1522349818-1939","https://www.medicinenet.com/symptoms_and_signs/alpha_x.htm","I","https://www.medicinenet.com/symptoms_and_signs/alpha_i.htm","Inflammation of the Cornea (Keratitis Symptoms and Signs)"
"1522349692-1702","https://www.medicinenet.com/symptoms_and_signs/alpha_x.htm","V","https://www.medicinenet.com/symptoms_and_signs/alpha_v.htm","Vaginal Dryness"
"1522349818-1946","https://www.medicinenet.com/symptoms_and_signs/alpha_x.htm","I","https://www.medicinenet.com/symptoms_and_signs/alpha_i.htm","Invaginated Nipple (Inverted Nipple)"
"1522349698-1725","https://www.medicinenet.com/symptoms_and_signs/alpha_x.htm","U","https://www.medicinenet.com/symptoms_and_signs/alpha_u.htm","Uterine (Endometrial) Cancer Symptoms and Signs"
"1522349713-1759","https://www.medicinenet.com/symptoms_and_signs/alpha_x.htm","S","https://www.medicinenet.com/symptoms_and_signs/alpha_s.htm","Stiff Neck"
"1522349799-1912","https://www.medicinenet.com/symptoms_and_signs/alpha_x.htm","L","https://www.medicinenet.com/symptoms_and_signs/alpha_l.htm","Lymph Node Swelling (Swollen Lymph Nodes)"
"1522349818-1937","https://www.medicinenet.com/symptoms_and_signs/alpha_x.htm","I","https://www.medicinenet.com/symptoms_and_signs/alpha_i.htm","Infectious Mononucleosis (Mono) Symptoms and Signs"
"1522349883-2144","https://www.medicinenet.com/symptoms_and_signs/alpha_x.htm","B","https://www.medicinenet.com/symptoms_and_signs/alpha_b.htm","Blurred Vision"
"1522349883-2124","https://www.medicinenet.com/symptoms_and_signs/alpha_x.htm","B","https://www.medicinenet.com/symptoms_and_signs/alpha_b.htm","Bad Breath"
"1522349741-1821","https://www.medicinenet.com/symptoms_and_signs/alpha_x.htm","P","https://www.medicinenet.com/symptoms_and_signs/alpha_p.htm","Polycystic Kidney Disease (PKD) Symptoms and Signs"
"1522349792-1882","https://www.medicinenet.com/symptoms_and_signs/alpha_x.htm","M","https://www.medicinenet.com/symptoms_and_signs/alpha_m.htm","Multiple Sclerosis (MS) Symptoms and Signs"
"1522349872-2086","https://www.medicinenet.com/symptoms_and_signs/alpha_x.htm","C","https://www.medicinenet.com/symptoms_and_signs/alpha_c.htm","Cancer, Throat (Throat Cancer Symptoms and Signs)"
"1522349856-2076","https://www.medicinenet.com/symptoms_and_signs/alpha_x.htm","D","https://www.medicinenet.com/symptoms_and_signs/alpha_d.htm","Drainage of Pus"
"1522349872-2122","https://www.medicinenet.com/symptoms_and_signs/alpha_x.htm","C","https://www.medicinenet.com/symptoms_and_signs/alpha_c.htm","Cystic Fibrosis Symptoms and Signs"
"1522349683-1692","https://www.medicinenet.com/symptoms_and_signs/alpha_x.htm","W","https://www.medicinenet.com/symptoms_and_signs/alpha_w.htm","Weakness"
"1522349799-1896","https://www.medicinenet.com/symptoms_and_signs/alpha_x.htm","L","https://www.medicinenet.com/symptoms_and_signs/alpha_l.htm","Leukemia Symptoms and Signs"
"1522349812-1922","https://www.medicinenet.com/symptoms_and_signs/alpha_x.htm","J","https://www.medicinenet.com/symptoms_and_signs/alpha_j.htm","Jaundice"
"1522349856-2059","https://www.medicinenet.com/symptoms_and_signs/alpha_x.htm","D","https://www.medicinenet.com/symptoms_and_signs/alpha_d.htm","Detached Retina (Retinal Detachment Symptoms and Signs)"
"1522349799-1908","https://www.medicinenet.com/symptoms_and_signs/alpha_x.htm","L","https://www.medicinenet.com/symptoms_and_signs/alpha_l.htm","Lump or Mass on Gums"
"1522349828-1961","https://www.medicinenet.com/symptoms_and_signs/alpha_x.htm","H","https://www.medicinenet.com/symptoms_and_signs/alpha_h.htm","Heartburn"
"1522349890-2171","https://www.medicinenet.com/symptoms_and_signs/alpha_x.htm","A","https://www.medicinenet.com/symptoms_and_signs/alpha_a.htm","Alcohol Poisoning Symptoms and Signs"
"1522349883-2128","https://www.medicinenet.com/symptoms_and_signs/alpha_x.htm","B","https://www.medicinenet.com/symptoms_and_signs/alpha_b.htm","Benign Positional Vertigo Symptoms and Signs"
"1522349890-2191","https://www.medicinenet.com/symptoms_and_signs/alpha_x.htm","A","https://www.medicinenet.com/symptoms_and_signs/alpha_a.htm","Atrial Flutter Symptoms and Signs"
"1522349799-1891","https://www.medicinenet.com/symptoms_and_signs/alpha_x.htm","L","https://www.medicinenet.com/symptoms_and_signs/alpha_l.htm","Lactose Intolerance Symptoms and Signs"
"1522349741-1812","https://www.medicinenet.com/symptoms_and_signs/alpha_x.htm","P","https://www.medicinenet.com/symptoms_and_signs/alpha_p.htm","Pericoronitis Symptoms and Signs"
"1522349741-1806","https://www.medicinenet.com/symptoms_and_signs/alpha_x.htm","P","https://www.medicinenet.com/symptoms_and_signs/alpha_p.htm","Peau d'Orange"
"1522349890-2185","https://www.medicinenet.com/symptoms_and_signs/alpha_x.htm","A","https://www.medicinenet.com/symptoms_and_signs/alpha_a.htm","Appendicitis Symptoms and Signs"
"1522349872-2108","https://www.medicinenet.com/symptoms_and_signs/alpha_x.htm","C","https://www.medicinenet.com/symptoms_and_signs/alpha_c.htm","Cold Fingers"
"1522349756-1844","https://www.medicinenet.com/symptoms_and_signs/alpha_x.htm","N","https://www.medicinenet.com/symptoms_and_signs/alpha_n.htm","Nail Fungus (Onychomycosis) Symptoms and Signs"
"1522349756-1845","https://www.medicinenet.com/symptoms_and_signs/alpha_x.htm","N","https://www.medicinenet.com/symptoms_and_signs/alpha_n.htm","Nail Pitting"
"1522349872-2114","https://www.medicinenet.com/symptoms_and_signs/alpha_x.htm","C","https://www.medicinenet.com/symptoms_and_signs/alpha_c.htm","Conjunctival Granuloma (Chalazion Symptoms and Signs)"
"1522349756-1847","https://www.medicinenet.com/symptoms_and_signs/alpha_x.htm","N","https://www.medicinenet.com/symptoms_and_signs/alpha_n.htm","Nasal Congestion"
